Location,Author,Rating,Review Text,Time
Bank Jateng Sukoharjo,Danny AD,5 bintang,"Pelayanan satpam gercep, terima kasih sangat membantu untuk suasana dan layanan cs cepat dan tepat terselesaikan sekali lagi terima kasih",seminggu lalu
Bank Jateng Sukoharjo,karisma bayu abdi khawari,5 bintang,"Pelayanan baik, sangat memperhatikan sisi humanisme. Kebetulan tadi lihat nenek2 nenek yang sulit berjalan di rangkul petugas satpam untuk dibantu masuk loby bank... Bahasa dan nada bicara satpam juga haluss, jadi pelanggan nerasa sangat …",setahun lalu
Bank Jateng Sukoharjo,Desta Shalikhah,5 bintang,"Selalu nyaman kalau transaksi di sini. Tidak bingung cari tempat parkir krn halaman luas, petugas ramah dan sangat membantu. Ruangan juga bersih dan dingin. Pelayanannya oke 👍 …",sebulan lalu
Bank Jateng Sukoharjo,Khoryana Pentarti,5 bintang,pelayanan sangat bagus smua petugas dr mulai satpam sampai teller dan cs ramah mengedukasi dgn jelas dan sabar,sebulan lalu
Bank Jateng Sukoharjo,Diya Aning Sekar Atri,1 bintang,ibu saya bikin pengaduan sudah 1 bulan gada tindak lanjut katanya sudah selesai dan transaksi sudah berhasil pdhl uangnya blm kembali eh malah ibu saya disuruh ke bank lain untuk  cek cctv mesin atm tsb …,5 bulan lalu
Bank Jateng Sukoharjo,Hassle,5 bintang,"Tellernya ramah, pelayanan cepat untuk penarikan ga sampai 3 menit selesai",sebulan lalu
Bank Jateng Sukoharjo,Meilia Endah,5 bintang,Petugas nya ramah semua dr mulai pak satpam dan mbak mbak tellernyaa 👍 …,sebulan lalu
Bank Jateng Sukoharjo,Santika Pramuty,4 bintang,"Super bersih dan ramah-ramah banget pegawainya, satpam juga sangat helpfull🥹👏🏻 …",8 bulan lalu
Bank Jateng Sukoharjo,masri fenra,1 bintang,Teller ada 3 tapi yg jalan cuman 1 antrian ke teller banyak lagi.lihat stuasi jagu lah.kalo lagi rame ya jalan kan teller semua.kasihan yg antri Meraka juga punya kesibukan juga diluarsana???....,setahun lalu
Bank Jateng Sukoharjo,cika ayu,5 bintang,"pelayanan baik, petugasnya ramah ramah, area bersih nyaman",sebulan lalu
Bank Jateng Sukoharjo,Adista Nia,5 bintang,"pelayanan ramah dan baikk , tempatnya bersihh, rapi👍🏼👍🏼👍🏼 …",sebulan lalu
Bank Jateng Sukoharjo,NOVI ANITRA,5 bintang,"Pelayanannya ramah, parkirnya luas, tempatnya bersih. Ksini kl pas bayar pbb saja tp overall oke.",setahun lalu
Bank Jateng Sukoharjo,Wong Cilik,5 bintang,"Baru tadi siang, mengurus aplikasi BIMA di HP baru, belum sempat sampai CS, sudah di sambut satpam Fakhri yang ramah dan baik hati, yang menawarkan bantuan, di antar ke ATM dan diberi tips dan triks, tidak sampai 15 menit sudah selesai, …",7 bulan lalu
Bank Jateng Sukoharjo,mopi,3 bintang,"Maaf mau tanya, kenapa kursi cs ada 2 tp yg jaga cm 1, itupun ditinggal-tinggal, pdhl bukan jam istirahat",setahun lalu
Bank Jateng Sukoharjo,Rizky Aji,5 bintang,"Tempat bersih,  rapi, dan pelayanannya ramah dan baik.  .",2 bulan lalu
Bank Jateng Sukoharjo,HENDRA ARKAN,5 bintang,"Tempat nyaman, bersih, parkir luas sukses terus Bank Jateng Sukoharjo",sebulan lalu
Bank Jateng Sukoharjo,NUR HADIAH,5 bintang,"Petugas ramah ,satpam nya begitu cekatan 👍 …",sebulan lalu
Bank Jateng Sukoharjo,Niny Enggarani,2 bintang,"Knp yak saya kalau ambil duit di atmnya pas keluar duitnya pasti ada2 aja bentuknya😅 ada yg robek lah, ada yg kena tinta polpen sampe setengah lembar lah, mana gak sekali dua kali lagi. Yg bener aja? Rugi dong 😅 …",11 bulan lalu
Bank Jateng Sukoharjo,Nanga Parbat,5 bintang,"Parkir luas, pelayanan ok, mudah dijangkau karna di jalan protokol , dekat dg pasar - polantas - alun2  , Rumah sakit dll",4 tahun lalu
Bank Jateng Sukoharjo,Handini WYM,5 bintang,Pelayan cepat dan teller nya ramah,sebulan lalu
Bank Jateng Sukoharjo,Calon Customer,5 bintang,tellernya ramah.. murah senyum,sebulan lalu
Bank Jateng Sukoharjo,Zada Wahyu,5 bintang,Pelayanan memuaskan,sebulan lalu
Bank Jateng Sukoharjo,candra kumara,5 bintang,Pelayanan memuaskan sekali,sebulan lalu
Bank Jateng Sukoharjo,Vitami Muji Pratiwi,5 bintang,Terimakasih pak satpam Wahyudi baik bangett mau menolong saya padahal gak kenal percaya aja dan mau saya repotkan dengan minta tolong buat ambilkan uang buat bayar karena harus bayar tunai. Dan gak ada cash harus tarik dulu gak pakai bank …,setahun lalu
Bank Jateng Sukoharjo,Mama Keanna,4 bintang,"Tempatnya strategis, mudah dicari, pelayanan ramah dan nyaman. Hanya saja antriannya banyak.",6 tahun lalu
Bank Jateng Sukoharjo,Echa S.A. Savitri,1 bintang,Karyawan ga ramah sama sekali.. susah banget aturannya.. ngeribetin,9 bulan lalu
Bank Jateng Sukoharjo,Dwi Wijaya,5 bintang,Bank jateng Sukoharjo parkir luas dan nyaman👍👍👍👍 …,sebulan lalu
Bank Jateng Sukoharjo,Bondan Pangestu,3 bintang,"Mas mau tanya, saya mentransfer uang pada tanggal 2 juni dari bank jateng ke bank mandiri, nah d resi bank jateng udah sukses/berhasil tapi saya liat d M-Banking mandiri g ada uang masuk, dan ini udah 1 hari lewat, gimana mas solusi nya..",setahun lalu
Bank Jateng Sukoharjo,alafi putra,1 bintang,"Pelayanan cs nya ampas, ga ada ramah2 nya, aplikasi bima nya juga ampas, nunggu lama",setahun lalu
Bank Jateng Sukoharjo,karya tehnik,5 bintang,"Saya merasa sangat puas atas pelayanan di Bank Jateng Cab.Sukoharjo. selama saya mjd nasabah, pelayanannya sangat memuaskan.terima kasih Bank Jateng cab.Sukoharjo",setahun lalu
Bank Jateng Sukoharjo,Setya ningsih,5 bintang,Tellernya  ramah murah senyum,sebulan lalu
Bank Jateng Sukoharjo,Syam Aji,1 bintang,Pelayanan buruk..konter ada 4 teller tapi yg aktif hanya 1 teller aja..coba di perbaiki lagi donk kita nunggu lama banget,2 tahun lalu
Bank Jateng Sukoharjo,Miko Kasah,5 bintang,Ingin danamu aman...simpan disini,setahun lalu
Bank Jateng Sukoharjo,Adelvia Sri Rahayu,5 bintang,👍 …,sebulan lalu
Bank Jateng Sukoharjo,ArioTalker,5 bintang,Mantap Pelayanan Maksimal.,setahun lalu
Bank Jateng Sukoharjo,Dian Zan Devega,5 bintang,👍👍 …,sebulan lalu
Bank Jateng Sukoharjo,rilia nizaa,5 bintang,pelayanan baik,sebulan lalu
Bank Jateng Sukoharjo,Rio Chandra,5 bintang,pelayanan memuaskan sekali,3 bulan lalu
Bank Jateng Sukoharjo,fahira official,1 bintang,"Maaf sedikit kritikan Satpamnya tolong diajari sopan santun ya , kalau ada orang tanya suruh baik baik jangan bentak bentak 😊🙏 padahal saya kira satpam di bank bank itu kalau ditanya orangnya baik baik 🙏 …",5 tahun lalu
Bank Jateng Sukoharjo,Amanda Yusmaniar,1 bintang,Tellernya 4 tapi lama banget padahal rame,setahun lalu
Bank Jateng Sukoharjo,Joko Marwanto,4 bintang,"Tempatnya strategis, pelayanan cukup ramah.",setahun lalu
Bank Jateng Sukoharjo,Adit Pradana,1 bintang,"Untuk sebuah bank pemerintah, pelayanannya buruk sekali.",2 tahun lalu
Bank Jateng Sukoharjo,eko darmono,1 bintang,"Hallo Bank Jateng Cabang Sukoharjo, pelayananmu Jauh banget sama Bank Jateng Solo, tolong evaluasi BOS",3 tahun lalu
Bank Jateng Sukoharjo,Hartini Zaenal,4 bintang,Pelayanan ramah dan menyenangkan. Tempatnya bersih. Menerapkan protokol kesehatan juga. 👍🏻👍🏻👍🏻 …,3 tahun lalu
Bank Jateng Sukoharjo,Ardha,5 bintang,Coba tiap opd ada atm bank jateng ya pesty deket ke atm nya,setahun lalu
Bank Jateng Sukoharjo,Sate Permindo,5 bintang,Satpamnya sangat membantu trimakasih sdh memandu ibanking  sampai selesai dgn sbr👍😁 …,4 tahun lalu
Bank Jateng Sukoharjo,kmalll,5 bintang,tempat bersih pelayanan memuaskan dan gercep,setahun lalu
Bank Jateng Sukoharjo,Surya Suryati,1 bintang,Pelayanan sangat buruk....bikin kecewa,2 tahun lalu
Bank Jateng Sukoharjo,nailah lathifah,1 bintang,lama bgt pelayanannya,setahun lalu
Bank Jateng Sukoharjo,sanessultan,5 bintang,Pelayanan ramah dan cepat mwehehe,setahun lalu
Bank Jateng Sukoharjo,Dadang Kurnia,5 bintang,Bisa pilih pecahan 100rb atau 50rb,2 tahun lalu
Bank Jateng Sukoharjo,Ifah Rahmawati,2 bintang,Pelayanan kurang ramah🙏 …,setahun lalu
Bank Jateng Sukoharjo,meijoko santoso,5 bintang,bank milik pemerintah provinsi jawa tengah,4 tahun lalu
Bank Jateng Sukoharjo,Icha Cahya,5 bintang,"Ramah , pinjaman merakyat",4 tahun lalu
Bank Jateng Sukoharjo,Mustofa Bustfin,3 bintang,Rame pns,8 tahun lalu
Bank Jateng Sukoharjo,Star Bintang,5 bintang,Mantep,setahun lalu
Bank Jateng Sukoharjo,andi fariyanto,5 bintang,Keren..,3 tahun lalu
Bank Jateng Sukoharjo,Mahendra Dany,5 bintang,👍👍 …,7 tahun lalu
Bank Jateng Sukoharjo,Umar Yuwono,4 bintang,Cakep,2 tahun lalu
Bank Jateng Sukoharjo,HERU CAKRA CHANNEL,5 bintang,Bank Jateng paling mantap,4 tahun lalu
Bank Jateng Sukoharjo,Wto Warsito,5 bintang,Mantap,4 tahun lalu
Bank Jateng Sukoharjo,Reza Syahputra,5 bintang,Pusat Bank Jateng,3 tahun lalu
Bank Jateng Sukoharjo,Waka Egitha Putra,5 bintang,Nyaman.....,7 tahun lalu
Bank Jateng Sukoharjo,arifin gita,5 bintang,bank terbaik,5 bulan lalu
Bank Jateng Sukoharjo,Bathari Kemuning Larasati,5 bintang,No Review,setahun lalu
Bank Jateng Sukoharjo,sulung indra,5 bintang,Oke,3 tahun lalu
Bank Jateng Sukoharjo,aprilia niken,5 bintang,No Review,sebulan lalu
Bank Jateng Sukoharjo,Diary Prince Dastan15,5 bintang,No Review,sebulan lalu
Bank Jateng Sukoharjo,Salsabila Saffura,5 bintang,No Review,sebulan lalu
Bank Jateng Sukoharjo,Iddo Ahmad,5 bintang,No Review,sebulan lalu
Bank Jateng Sukoharjo,Inin yuliati,5 bintang,No Review,sebulan lalu
Bank Jateng Sukoharjo,radya wahyu,5 bintang,No Review,sebulan lalu
Bank Jateng Sukoharjo,setyo nugroho,5 bintang,No Review,sebulan lalu
Bank Jateng Sukoharjo,stefanus puji anggoro,5 bintang,No Review,sebulan lalu
Bank Jateng Sukoharjo,Wisnu Sendianto,5 bintang,No Review,sebulan lalu
Bank Jateng Sukoharjo,Alif Layla,5 bintang,No Review,sebulan lalu
Bank Jateng Sukoharjo,Yaya Lani,5 bintang,No Review,sebulan lalu
Bank Jateng Sukoharjo,liga triatmaja,5 bintang,No Review,3 bulan lalu
Bank Jateng Sukoharjo,Ari Kristanto,1 bintang,No Review,8 bulan lalu
Bank Jateng Sukoharjo,Ione Taufik,5 bintang,No Review,setahun lalu
Bank Jateng Sukoharjo,VISIⰙNBⰙY,5 bintang,No Review,2 tahun lalu
Bank Jateng Sukoharjo,Alex Suroto,5 bintang,No Review,2 tahun lalu
Bank Jateng Sukoharjo,GPGH Group (augustry),5 bintang,No Review,2 tahun lalu
Bank Jateng Sukoharjo,Fajar Suryanto,5 bintang,No Review,2 tahun lalu
Bank Jateng Sukoharjo,Agustina Eki,5 bintang,No Review,3 tahun lalu
Bank Jateng Sukoharjo,satriya budi,4 bintang,No Review,3 tahun lalu
Bank Jateng Sukoharjo,pak Supriyanto,5 bintang,No Review,3 tahun lalu
Bank Jateng Sukoharjo,Anjar Wagito Sd Demangan,4 bintang,No Review,4 tahun lalu
Bank Jateng Sukoharjo,cahya stywn,1 bintang,No Review,4 tahun lalu
Bank Jateng Sukoharjo,Bagus Ganang Nugroho,4 bintang,No Review,5 tahun lalu
Bank Jateng Sukoharjo,adit prakoso,5 bintang,No Review,7 tahun lalu
Bank Jateng Sukoharjo,Ulis Wardani,5 bintang,No Review,7 tahun lalu
Bank Jateng Sukoharjo,Kuswanto ST (K12 Channel),3 bintang,No Review,8 tahun lalu
Bank Jateng Karanganyar,Intan Fatmawati,1 bintang,"Pelayanannya buruk banget.
Dateng ke kantor mau print rekening koran, di kasi tau sama pak satpam buat nunggu tapi buku rekening di taruh satpam ke teller, sudah nunggu 30 menit baru …",3 minggu lalu
Bank Jateng Karanganyar,Adinda Binta,5 bintang,"Pelayanan bagus. Satpam yg berjaga di pintu gercep. Hari sabtu buka sampai jam 10.30 utk ambil nomor antrian nya. Tp pelayanan sampai jam 11.30. Kesini jam 10 pagi dpt nomor 49. Harus antri super lama, agak kedinginan bersin² krn AC. Tp …",sebulan lalu
Bank Jateng Karanganyar,Ridwan Rivandi,1 bintang,"Mau cetak laporan SPT di kasi no antrian 63. Kata security yg tinggi besar tua balik lg jam 12.30. stlh balik lg security yg kecil tua blg tdk bisa hrs ke solo. Ngp in tggu lama2 klo tdk bs blg dr awal. Ganti yg muda aja,biar lbh teliti. Payah👎 …",sebulan lalu
Bank Jateng Karanganyar,Muhammad Alam,2 bintang,"Mau ganti atm harus balik lagi suruh fotokopi, Pelayanan cs lambat antrinya lama, banyak waktu terbuang",sebulan lalu
Bank Jateng Karanganyar,Nugroho,1 bintang,"Satpam Menghina pekerjaan seorang

tidak sepantasnya  mengusir orang dengan nada kasar
Pelayanan Perbankan yang buruk",seminggu lalu
Bank Jateng Karanganyar,Karena Sara,5 bintang,"Pengalaman pertama saya ke bank jateng di karanganyar kota.

Dari pertama masuk sudah di sambut dengan bapak satpam yang sangat informatif. …",10 bulan lalu
Bank Jateng Karanganyar,Anditya Gilang,4 bintang,"Bank Jateng,

Merupakan Bank yang melayani transaksi seperti pada umumnya walaupun kebanyakan …",seminggu lalu
Bank Jateng Karanganyar,Dinda Dewi,1 bintang,"Maaf saran saja, klo wa nyuruh ganti atm kadaluarsa itu mbok sekalian kasih tau syaratnya bawa fotokopian ktp fc buku tabungan dan tetek bengeknya. Hal sepele Ngabisin waktu dikira semua orang longgar. Bolak balik padhl klo tau harus bawa gt dirumah ada printer",sebulan lalu
Bank Jateng Karanganyar,Arsyad Alifuddin,5 bintang,Pelayanan bagus. Area parkir R2 dan R4 layak. Sambutan bagus. Cepat dan tidak nya urusan sesuai dengan antrian yg berjalan. Mau cepat mungkin bisa datang awal atau kondisi sepi pasti cepat dan lancar. Suwun 🙏🏻 …,6 bulan lalu
Bank Jateng Karanganyar,Ito Rittaudin,1 bintang,Jika ada penerimaan pajak pd akhir bulan setidaknya di terima.. karena impactnya kpd kami pembayar pajak.. kami ingin membayar pajak ke samsat karanganyar di tolak dg alasan dari BPD sudah harus di setor.. sehingga samsat buka setengah hari...,4 bulan lalu
Bank Jateng Karanganyar,Arief Sukro,1 bintang,"Sudah lama jadi nasabah bank jateng, akan tetapi kemarin pas mau ambil uang dgn cek di teller tidak bs dgn alasan harus memadankan ttd kembali lewat Cs. Harus ngantriiii lg.  Padahal sudah beberapa kali ambil lancar"" saja.",7 bulan lalu
Bank Jateng Karanganyar,eny setyaningsih,1 bintang,Selamat pagi bapak ibu. Mohon maaf sebelumnya. Saya ingin membagikan pengalaman saya hari ini tgl 2 april 2024. Saya dan ibu saya merupakan nasabah dari bank jateng karangnyar. Hari ini tadi saya antri dari jam 04.00 pagi untuk penukaran …,11 bulan lalu
Bank Jateng Karanganyar,Ardian Hendra,4 bintang,"gedungnya bagus tidak kalah dengan bank bank swasta, walaupun didalam sangat banyak orang tapi acnya tetap dingin, pelayanan ramah seperti kebanyak bank lain. Bank ini biasanya nasabahnya para pns👍 …",7 tahun lalu
Bank Jateng Karanganyar,Rosyid Apriyanto,5 bintang,Banknya orang Jawa Tengah. Sekarang nasabah semakin banyak jadi antri makin lama juga.,5 tahun lalu
Bank Jateng Karanganyar,F.P. Pramesti,2 bintang,"Bayar pajak ke bank jateng. Datang jam 07.50, jam 08.00 bank buka. Baru mulai dilayani jam 08.09. Pdhl customer sdh 16 an org. Sayang bank jateng tdk bisa tepat waktu ya. …",5 tahun lalu
Bank Jateng Karanganyar,Rana K.A,5 bintang,"Pelayanan cepat, satpamnya ramah sekali dan sangat informatif. Tempat tunggu nyaman dan banyak kursi",7 bulan lalu
Bank Jateng Karanganyar,Miftakhul Jannah,4 bintang,Bank nya cukup nyaman luas juga ..pelayanan lumayan lama sih,6 tahun lalu
Bank Jateng Karanganyar,Listyani Pujisrirahayu,1 bintang,Harusnya nyetak rekening koran itu antrian di teller aja wong gag makan waktu lama kok👎 …,setahun lalu
Bank Jateng Karanganyar,CMTO Workshop,2 bintang,"pencairan DPLK lama banget, nunggu sebulan setengah dan ini belum juga cair. padahal kemarin berharap cair bisa buat lebaran bahkan sampai sekarang belum tau kejelasannya. …",3 tahun lalu
Bank Jateng Karanganyar,aprelian noer perdana,1 bintang,Harusnya mencetak rekening koran itu antriannya di teller aja tidak memakan waktu lama kok👎👎👎 …,setahun lalu
Bank Jateng Karanganyar,Putra Lawu,3 bintang,Masukin kartu atm malam ini di atm bank jateng di depan PMI atau seberang jalan dpr karanganyar. Lha kok atm saya ketelan padahal baru masukin.,setahun lalu
Bank Jateng Karanganyar,Shanti Setyawan,3 bintang,"Pelayanannya cepat.
Teller nya ada tiga (3), mempercepat pelayanan ke teller.
Hanya saja CS nya lama. Harus sabar-sabar deh. …",6 tahun lalu
Bank Jateng Karanganyar,Ari Wibawa,5 bintang,"Mantab Jiwa, Bank nya Orang Jawa Tengah",3 tahun lalu
Bank Jateng Karanganyar,Prima Westri,5 bintang,"Pelayanan baik, cepat, lancar #Lanjutkan👍😊 …",6 tahun lalu
Bank Jateng Karanganyar,daffanland,3 bintang,"pelayanan cepat dengan tiga teller ... tapi kadang kurang cepat..
dukungan cs yg mantap..
ruang tunggu nyaman.. parkir luas..
kebanyakan nasabah adalah pegawai negeri sipil ..",6 tahun lalu
Bank Jateng Karanganyar,Irvan Maulana,5 bintang,Kalo ke bank pas akhir tahun harus siap siap di tambahin sabarnya. Antreannya banyak banget. Semangat buat yg tugas. Terimakasih bank Jateng atas pelayanan yang prima,5 tahun lalu
Bank Jateng Karanganyar,Adnan Rizki Ramadhani (Rama),4 bintang,tempat parkir sangat baik pelayanan ramah,5 tahun lalu
Bank Jateng Karanganyar,Septiyana Fatmawati,1 bintang,Pelayananya zonk mantrinya ngga jelas sama sekali,8 bulan lalu
Bank Jateng Karanganyar,Aditya Perdana,1 bintang,Harusnya nyetak rekening koran itu antriannya di teller aja wong gag memakan waktu lama kok👎👎👎👎 …,setahun lalu
Bank Jateng Karanganyar,Sartono Sartono,1 bintang,Harusnya mencetak rekening koran itu antriannya di teller aja tidak memakan waktu lama kok👎👎👎 …,setahun lalu
Bank Jateng Karanganyar,lupie rereo,5 bintang,"Sudah menjadi nasabah hampir 10th alhamdulillah dpt pelayanan yg baik
Dan tingkatkan lg",2 tahun lalu
Bank Jateng Karanganyar,Putri Mawarsari,3 bintang,Satpamnya tolong kalau bertanya ke nasabah jangan pakai nada ketus dan jangan buru-buru ya tolong lebih ramah lagi :),3 tahun lalu
Bank Jateng Karanganyar,Nanang Aji,5 bintang,"Pelayanan cepat teller juga ramah
Biasa kesini buat bayar Pajak Bumi dan Bangunan",2 tahun lalu
Bank Jateng Karanganyar,Suwardi Suwa,4 bintang,Ganti kartu atm yang kadaluarsa biaya 30rb.,setahun lalu
Bank Jateng Karanganyar,Setya Rini,4 bintang,"Tempat luas, ramah",5 tahun lalu
Bank Jateng Karanganyar,Hastanto,5 bintang,Met pagi untuk syarat pengajuan dplk apa saja ya.? Terima kasih,setahun lalu
Bank Jateng Karanganyar,"Dony AP, S.Pd.I",5 bintang,Pelayanan cepat dan  ramah,2 tahun lalu
Bank Jateng Karanganyar,aprelistya engineersoldier,1 bintang,Harusnya nyetak rekening koran itu antriannya di teller aja wong gag memakan waktu lama kok👎👎👎👎 …,setahun lalu
Bank Jateng Karanganyar,Bangfays,1 bintang,"tidak memuaskan,lama bgt playanannya,trtma dCS, da 3 bngku tp hy 1 ptugasnya...",7 tahun lalu
Bank Jateng Karanganyar,Aloysius Indratmo,4 bintang,Bagus,setahun lalu
Bank Jateng Karanganyar,Cenil Jumputan Solo,1 bintang,"Satpam tdk ramah. mempersulitt, mengecewakann",3 tahun lalu
Bank Jateng Karanganyar,Abyan Widyantara,4 bintang,Termasuk Bank Jateng dgn banguan yang besar dibandingkan yg lain,6 tahun lalu
Bank Jateng Karanganyar,agus muireng,5 bintang,Security ramah.bersih dan pelayanan cepat,setahun lalu
Bank Jateng Karanganyar,Aris Dahlia12,5 bintang,Pelayanannya ramah cepat dan jelas.,2 tahun lalu
Bank Jateng Karanganyar,anjar sugiyarto,4 bintang,"Kredit dengan bunga rendah, pelayanannya cepat dan ramah",7 tahun lalu
Bank Jateng Karanganyar,Dominikus Diliyanto,5 bintang,Pelayanannya ramah dan membantu sekali,3 tahun lalu
Bank Jateng Karanganyar,Mukti Ali Febriyanto,5 bintang,Salah satu BUMD Prov Jateng terbaik di Jawa Tengah,5 tahun lalu
Bank Jateng Karanganyar,Bowo Tiktok,1 bintang,SATPAM E  RASOPAN BLAS,2 tahun lalu
Bank Jateng Karanganyar,Muhammad Amin,2 bintang,Gambar masih pecah2,8 tahun lalu
Bank Jateng Karanganyar,Hafidh Zulfikar,1 bintang,Antrinya sangat lama.,4 tahun lalu
Bank Jateng Karanganyar,rizky dharmawan,5 bintang,"Pelayanan baik, kecepatan transaksi baik",7 tahun lalu
Bank Jateng Karanganyar,MUHAMAD JA'FAR,5 bintang,Bank nya orang jawa tengah,3 tahun lalu
Bank Jateng Karanganyar,Eko Supriyanto,3 bintang,Pusing Ngantri 😇😇 …,4 tahun lalu
Bank Jateng Karanganyar,Ali Thanthowi,5 bintang,Maju terus bank jateng karanganyar👍 …,2 tahun lalu
Bank Jateng Karanganyar,Satrio Liud,5 bintang,Bank Jateng (BPD) Kabupaten Karanganyar,2 tahun lalu
Bank Jateng Karanganyar,Dwi Wiyono,5 bintang,Membangun Jawa Tengah. bisa dimulai dari sini.,5 tahun lalu
Bank Jateng Karanganyar,Ananda Hasanah,5 bintang,Pelayanan baik dan juga adem,3 tahun lalu
Bank Jateng Karanganyar,Ryan Tan,5 bintang,Lokasi strategis di tengah kota Karanganyar,4 tahun lalu
Bank Jateng Karanganyar,Suwanto,5 bintang,Ramah,setahun lalu
Bank Jateng Karanganyar,Muhammad Muthi,5 bintang,Bank Jateng Cabang Karanganyar,5 tahun lalu
Bank Jateng Karanganyar,Arfi 82,5 bintang,Banknya orang Jawa Tengah,setahun lalu
Bank Jateng Karanganyar,Wijaya Kusuma,1 bintang,Satpamnya tidak koperatif,4 tahun lalu
Bank Jateng Karanganyar,Subuh Topo,5 bintang,Bagus👍👍👍 …,3 tahun lalu
Bank Jateng Karanganyar,Dedek Carol,4 bintang,Standar bank,3 tahun lalu
Bank Jateng Karanganyar,ovan doank,5 bintang,Solusi keuangan,8 tahun lalu
Bank Jateng Karanganyar,Tita Septiana,5 bintang,Ramah,3 tahun lalu
Bank Jateng Karanganyar,Don Y,1 bintang,Pelayanan sangat lama dan karyawannya malah ngobrol dgn karyawan lain pdhl antrian ada banyak ...,5 hari lalu
Bank Jateng Karanganyar,Degleng “Bagus Susilo” Cenell,1 bintang,"Tempat nongkrong paling nyaman,, klemar_klemer...tujuan CS 2 jam. baru saja menelepon... apa yang kamu lakukan?",setahun lalu
Bank Jateng Karanganyar,dzikru ismail,4 bintang,Layanan perbankan yang baik buka pada hari Sabtu,6 tahun lalu
Bank Jateng Karanganyar,eryk ardi,5 bintang,ac menjadi adem,2 tahun lalu
Bank Jateng Karanganyar,tamto project,4 bintang,Bank Terbaik,setahun lalu
Bank Jateng Karanganyar,CITA PUTRIKA MYANA KUSUMA,5 bintang,No Review,2 minggu lalu
Bank Jateng Karanganyar,fitrianisopa,5 bintang,No Review,5 bulan lalu
Bank Jateng Karanganyar,Annisa Nuraisyah,1 bintang,No Review,9 bulan lalu
Bank Jateng Karanganyar,Eki Primi,5 bintang,No Review,9 bulan lalu
Bank Jateng Karanganyar,Marlina Ning Prasasti,5 bintang,No Review,11 bulan lalu
Bank Jateng Karanganyar,Fathiyatul Billah Yusanta,5 bintang,No Review,setahun lalu
Bank Jateng Karanganyar,Chanel Olahraga,5 bintang,No Review,setahun lalu
Bank Jateng Karanganyar,Rina Andita,1 bintang,No Review,setahun lalu
Bank Jateng Karanganyar,Bagus Sucipto,1 bintang,No Review,setahun lalu
Bank Jateng Karanganyar,Andi Sanjaya,5 bintang,No Review,setahun lalu
Bank Jateng Karanganyar,Febbry Andari,5 bintang,No Review,setahun lalu
Bank Jateng Karanganyar,Ira Paramitha,5 bintang,No Review,setahun lalu
Bank Jateng Karanganyar,Amin Sukoco,5 bintang,No Review,2 tahun lalu
Bank Jateng Karanganyar,adhie fabianto,5 bintang,No Review,3 tahun lalu
Bank Jateng Karanganyar,andi tristianto,5 bintang,No Review,3 tahun lalu
Bank Jateng Karanganyar,Serisi Si,3 bintang,No Review,3 tahun lalu
Bank Jateng Karanganyar,Indomie Goreng,5 bintang,No Review,4 tahun lalu
Bank Jateng Karanganyar,IRAWAN IRAWAN,5 bintang,No Review,4 tahun lalu
Bank Jateng Karanganyar,Hendri Sigit,2 bintang,No Review,5 tahun lalu
Bank Jateng Karanganyar,Febri Eko,5 bintang,No Review,5 tahun lalu
Bank Jateng Karanganyar,yudha elfanda,4 bintang,No Review,5 tahun lalu
Bank Jateng Karanganyar,Erwinda Anafih,5 bintang,No Review,6 tahun lalu
Bank Jateng Karanganyar,Taryoko ao,5 bintang,No Review,6 tahun lalu
Bank Jateng Karanganyar,Edhy Rotama,5 bintang,No Review,6 tahun lalu
Bank Jateng Karanganyar,whisnu djaya,5 bintang,No Review,6 tahun lalu
Bank Jateng Karanganyar,ongis nade,1 bintang,No Review,7 tahun lalu
Bank Jateng KCP Gading,maulida nurul fatimah,5 bintang,"pelayanan customer servicenya baik bangett, bagus, cepat dan ramah sekali, top buat mbak diyas👍🏻 …",sebulan lalu
Bank Jateng KCP Gading,Ayuex Tary,1 bintang,"Pelayanannya mengecewakan,tellernya tidak ramah sama sekali...kejadian baru td pagi...td pagi saya mencairkan cek.dibendelan cek 50rb ada 2rb.Dr pihak bank tidak mau bertanggung jawab. …",8 bulan lalu
Bank Jateng KCP Gading,MUHAMMAD ROMADHONI,1 bintang,"Ngakak ATM jatuh dijalan mau minta ganti baru suruh pake surat kehilangan ,masih oke lah
Giliran mau tarik tunai pakai buku rekening + KTP kok katanya tidak bisa harus …",11 bulan lalu
Bank Jateng KCP Gading,Gracia Chatarina,5 bintang,"Pelayanan baik dan ramah, hanya saja antrian selalu banyak seperti biasanya.",5 tahun lalu
Bank Jateng KCP Gading,Joe' Joe,5 bintang,"Atm saya ketelen dan prosesnya lama udah dari hari jumat ngurus baru bisa besok rabu ambil atmnya itu pun belum tentu ada..
Kalok atm balek aku tambah bintang nya",11 bulan lalu
Bank Jateng KCP Gading,Darmadi Wisanggeni,4 bintang,Terlalu saklek....tutup jam 15.00 tapi masih jam 14.58 sudah nggak mau melayani...padahal dari pagi sudah antri berhubung melengkapi berkas jauh jauh menghadap lagi ditolak ...,2 tahun lalu
Bank Jateng KCP Gading,Bambank Property,1 bintang,"Pelayanan kurang baik, cs teriak-teriak kek lomba 17-an sampai orang² pada lihat, mungkin tujuannya memang membuat nasabah malu
Bagus lanjutkan!",4 tahun lalu
Bank Jateng KCP Gading,Gilang Alif Utama,5 bintang,"Pelayanan sangat baik. Terutama Pak Satpam yg bernama Pak Bambang, karena satset dan watwet cekatan",5 tahun lalu
Bank Jateng KCP Gading,rizki safitri,5 bintang,"Pelayanan kredit cepat, mas yoga sangat ramah. Sukses bank jateng 🙏👍👏 …",4 tahun lalu
Bank Jateng KCP Gading,Anto Yuliawan,1 bintang,"KREDIT SUDAH LUNAS,,,TAPI BPKB SAMPAI1 MINGGU LEBIH BELUM KELUAR",setahun lalu
Bank Jateng KCP Gading,Rian Muhammad,1 bintang,Pelayanan nya ngak sopan !,setahun lalu
Bank Jateng KCP Gading,Irfan Rozaki,5 bintang,Teller dan Satpamnya pak Bambang melayani dengan profesional.,5 tahun lalu
Bank Jateng KCP Gading,Desiana Watiningsih,5 bintang,Top markotop,sebulan lalu
Bank Jateng KCP Gading,Yasa Santoso,5 bintang,"pelayanan sangat ramah...,
mantapp 👍👍👍 …",2 tahun lalu
Bank Jateng KCP Gading,pinky armita,5 bintang,Good service..  Pak satpamnya ramah,7 tahun lalu
Bank Jateng KCP Gading,kasiyanta deka,5 bintang,"Cabang bank jateng, alternatif saat bank pusat terganggu.",6 tahun lalu
Bank Jateng KCP Gading,cello cello,4 bintang,👍 …,setahun lalu
Bank Jateng KCP Gading,Noer Rief,3 bintang,Pelayanan sip,7 tahun lalu
Bank Jateng KCP Gading,bayu priyosulistyo,5 bintang,No Review,2 tahun lalu
Bank Jateng KCP Gading,danangsw Dananx,5 bintang,Oke,2 tahun lalu
Bank Jateng KCP Gading,Gatot robiantono,5 bintang,pelayanan yang baik,8 tahun lalu
Bank Jateng KCP Gading,Pusat Studi - Centre for School Nutrition Health Movement,5 bintang,No Review,sebulan lalu
Bank Jateng KCP Gading,agung iryawan,1 bintang,No Review,7 bulan lalu
Bank Jateng KCP Gading,bagus irawan,4 bintang,No Review,3 tahun lalu
Bank Jateng KCP Gading,Billie Elik,5 bintang,No Review,3 tahun lalu
Bank Jateng KCP Gading,Alvian Reza Reza,5 bintang,No Review,7 tahun lalu
Bank Jateng KCP Palur,Errynugraha Bahar,5 bintang,"Staff ramah,
Kantor bagus dan bersih,
Parkiran kalau lagi rame harus dipinggir jalan raya",setahun lalu
Bank Jateng KCP Palur,nur hayati,1 bintang,"CS nya lamaaa... pengalaman saya kesana bawa bayi, sudah antri  tapi 2x diselani nasabaah lain yg nomor antriannya duluan saya.. jujur saya kecewa sama pelayanan CS yg sangat buruk",9 bulan lalu
Bank Jateng KCP Palur,pluto,1 bintang,Cs nya lama sama pengajuan kredit juga lama. Nice!,3 bulan lalu
Bank Jateng KCP Palur,Agung Nugroho,5 bintang,"Saya senang disini,perkantoran yg tdk prnah sepi tp smuanya bekerja dg baik n slalo ramah.
N alhamdulillah,dg pergi ke bank jateng saya bisa sedekah meski sedikit..tp saya …",setahun lalu
Bank Jateng KCP Palur,erlina dewi Ratnasari,1 bintang,Cs nya masyaaaallllaaaaahhhhhhhh luaaamaaaaa bttttttt g ada fasilitas FC. Kalau mau FC jauh.. Kasian tu bnyak orng tua pakai bank ini...,11 bulan lalu
Bank Jateng KCP Palur,Satria Dw,5 bintang,"Pelayanan memuaskn,tempat bersih,n aman...tukang parkirnya jg slalo mmberikan pertolongan dlm penyebrangan jalan..layak dipuji..",setahun lalu
Bank Jateng KCP Palur,Iwan Christiawan,1 bintang,CS nya pelayanannya lama banget ya...apa tidak ada audit internal dari manajemen ttg waktu pelayanan customer?,11 bulan lalu
Bank Jateng KCP Palur,F. Deby Supriyanto Wibowo,2 bintang,"Pelayanan lambat. Antri bayar pajak PBB sampai 2 jam. Petugas di setiap pelayanan hanya ada satu orang,padahal yg mengantri lebih dari 30 orang",setahun lalu
Bank Jateng KCP Palur,ervin Dv,5 bintang,"Kantornya adem, nyaman, ada kopi buat nasabah juga. Pelayanan oke, pokoknya mantab. Kantor bank jateng palur yg baru, luar biasa. Joss! 👍 …",2 tahun lalu
Bank Jateng KCP Palur,Sis Hudi channel,1 bintang,Bisa tekofer gak,3 bulan lalu
Bank Jateng KCP Palur,Fathin Fathan,5 bintang,"Tempat nyaman dari teler,securiti ramah,parkir baik toilet bersih...jos pokok e.",setahun lalu
Bank Jateng KCP Palur,Dedi,5 bintang,"Kantor yg nyaman dan begitu refresentatif,,sangat mengesankan ...pelayanan yg bagus dan kekeluargaan,,karyawanya baik serta cantik2",2 tahun lalu
Bank Jateng KCP Palur,Farel Ranto,5 bintang,Bank jateng pelayanan sangt bagus..satpam.e cak cek..parkir.e ramah playanan sangt puas,setahun lalu
Bank Jateng KCP Palur,Rizki Azhar,1 bintang,usir kang parkirnya tuh. helm jutaan dibanting seenaknya. gbl*!,setahun lalu
Bank Jateng KCP Palur,Syarif Than,5 bintang,Pelayanan bagus dan nyaman tempat nya orang nya ramah2,setahun lalu
Bank Jateng KCP Palur,rony sarto,5 bintang,👍👍👍 …,3 bulan lalu
Bank Jateng KCP Palur,JOKO WARDOYO,2 bintang,Pelayanan lambat. Baru kali ini masuk bank kena parkir,setahun lalu
Bank Jateng KCP Palur,whisnu djaya,5 bintang,"Yang butuh modal usaha bisa ke kcp palur, prosesnya mudah & murah",2 tahun lalu
Bank Jateng KCP Palur,Andre Septian channel,5 bintang,Kantor bagus dan nyaman untuk nasabah,2 tahun lalu
Bank Jateng KCP Palur,Mirnawati Dewi setiani,5 bintang,"Pelayanan ramah , tempatnya bersih adem dan nyaman",2 tahun lalu
Bank Jateng KCP Palur,rifai dmc,5 bintang,Pelayanan baik dan tempatnya nyaman👍 …,2 tahun lalu
Bank Jateng KCP Palur,Dian Karanganyar,4 bintang,Adakah nomer mantri yg bisa di hubungi...,setahun lalu
Bank Jateng KCP Palur,Riyan,1 bintang,Pelayanannya jelek.,setahun lalu
Bank Jateng KCP Palur,Sutino Tino,5 bintang,Sukses kcp palur. Pelayanan ok,2 tahun lalu
Bank Jateng KCP Palur,Alfinno Fernanda,5 bintang,pelayanan bagus 👍👍 …,setahun lalu
Bank Jateng KCP Palur,Yasinta Maharani,5 bintang,"Bank jateng palur pelayananya joss,ramah2,bersih 👍👍👍 …",2 tahun lalu
Bank Jateng KCP Palur,Fera Widiastuti,1 bintang,Pelayanan kurang bagus,setahun lalu
Bank Jateng KCP Palur,maz moer,5 bintang,"Tempat nyaman, pelayanan ok",2 tahun lalu
Bank Jateng KCP Palur,Hestu Pratiwi Suseno,5 bintang,Strategis dekat palur plaza,2 tahun lalu
Bank Jateng KCP Palur,Isnanto Sakti,5 bintang,Mantap jiwa,2 tahun lalu
Bank Jateng KCP Palur,Hari Dwi Riswanto,5 bintang,KCP.Palur Juoossss Teenaaann...👍👍👍 …,2 tahun lalu
Bank Jateng KCP Palur,Lanjar Soleh,5 bintang,👍👍👍👍 …,2 tahun lalu
Bank Jateng KCP Palur,aris kurniawan,5 bintang,👍👍👍👍👍 …,2 tahun lalu
Bank Jateng KCP Palur,Anggar Whida Pambudi,5 bintang,BANK JATENG KCP PALUR 👍👍👍 …,2 tahun lalu
Bank Jateng KCP Palur,Shogi Johan Wahyudi,5 bintang,Pelayanan Yang Baik,setahun lalu
Bank Jateng KCP Palur,Pur wanto,4 bintang,No Review,4 bulan lalu
Bank Jateng KCP Palur,radit pratama,5 bintang,No Review,7 bulan lalu
Bank Jateng KCP Palur,Astuti Vito,1 bintang,No Review,setahun lalu
Bank Jateng KCP Palur,Salma Anastasya Maharani,5 bintang,No Review,2 tahun lalu
Bank Jateng KCP Palur,heru santoso,5 bintang,No Review,2 tahun lalu
Bank Jateng KCP Palur,adhi ilham Wicahyantoro,5 bintang,No Review,2 tahun lalu
Bank Jateng KCP Palur,Ruzaldy Tegar Kurnianda,5 bintang,No Review,2 tahun lalu
Bank Jateng KCP Palur,anggit gumelar,5 bintang,No Review,2 tahun lalu
Bank Jateng KCP Palur,Eki Primi,5 bintang,No Review,2 tahun lalu
Bank Jateng KCP Solo Baru,ginastel kleco,5 bintang,"Sempet ragu untuk pengajuan setelah liat reviewnya, tp  trnyata tidak seperti yg orang bilang. Yakali pengajuan pinjaman acuannya hanya jaminan. Ke pegadaian aja kalo itu. Hehehe selama usaha ada dan jaminan mencukupi kemungkinan acc dan …",2 bulan lalu
Bank Jateng KCP Solo Baru,Indri Eka,1 bintang,"Pelayanan yg tidak menyenangkan, pinjaman baru terlambat hari sudah di tagih kerumah & tempat usaha.
Mau urus surat keterangan bpkb untuk pjak juga ada adminnya mahal pulaa",3 bulan lalu
Bank Jateng KCP Solo Baru,arifin dwi susilo,5 bintang,"Ternyata Bank Jateng tidak hanya melayani PNS dan Pensiunan aja.
Bisa pengajuan KUR buat usaha sama KPR.
Proses cepat dan mudah.
Petugas ramah2, pelayanan cepat.",4 bulan lalu
Bank Jateng KCP Solo Baru,Bambang Setiawan,1 bintang,RTGS diatas jam satu ke bank lain ga bisa padahal cabang lain bisa kami biasanya di cabang Pedan klaten bisa dan pelayanan bagus kenapa aturannya beda2🙏 …,3 bulan lalu
Bank Jateng KCP Solo Baru,Adek Gatotkaca,5 bintang,"Pengajuan kredit untuk asn cepet banget, pinjol aj kalah cepet. Masnya ramah bintang 5",4 bulan lalu
Bank Jateng KCP Solo Baru,Sinyo Siul,1 bintang,"Ribet , pinjam 300jt gak acc pdhal jaminan nya di atas 300jt nilai.nya
Kapok",3 bulan lalu
Bank Jateng KCP Solo Baru,Irkham Muhammad Ardani,5 bintang,"Pelayanan ramah dan mantap, mulai dari satpam sampai pegawainya semuanya ramah 👌 …",4 bulan lalu
Bank Jateng KCP Solo Baru,murtiningsih murtiningsih,5 bintang,Pelayanan proses kredit KUR sangat baik dan ramah2,2 bulan lalu
Bank Jateng KCP Solo Baru,Syanli cheril,5 bintang,Pelayanannya ramah,4 bulan lalu
Bank Jateng KCP Solo Baru,Kayana Rivandi,5 bintang,Paling dekat dengan rumah dan antrian paling bersahabat,4 bulan lalu
Bank Jateng KCP Solo Baru,helmy alimudin,1 bintang,Pelayanan antriannya lama banget ga ada solusi,7 bulan lalu
Bank Jateng KCP Solo Baru,Rizki Seyawan,5 bintang,Pelayanan baik dan memuaskan,4 bulan lalu
Bank Jateng KCP Solo Baru,arief ditto,5 bintang,"Pelayanan terbaik, Solusi pencairan kredit KUR Mantappp!!!!",9 bulan lalu
Bank Jateng KCP Solo Baru,Hanif Dwi Gifananta,5 bintang,Ramah anak kecil,4 bulan lalu
Bank Jateng KCP Solo Baru,achmadza zaenuri,1 bintang,"petugasnya tdk ramah, sdh bawa ktp masih suruh bawa neko2 hadeh",11 bulan lalu
Bank Jateng KCP Solo Baru,msi kr,1 bintang,"Satpam/penjaga pintu nya yg muda payah, suruh nunggu diluar tapi gk dipanggil-panggil... Giliran org dateng pake pakaian formal langsung dibolehin masuk... Kecewa parah.",3 tahun lalu
Bank Jateng KCP Solo Baru,Rizki Chandra,5 bintang,pelayanan ramah,9 bulan lalu
Bank Jateng KCP Solo Baru,LAUNDRY SATU HARI JADI,2 bintang,"Fasilitas kurang memadai, kalau rame pelayanannya lama",4 tahun lalu
Bank Jateng KCP Solo Baru,Anis Mukaromah N.A,5 bintang,"Pelayanan memuaskan,  dan jarang antri",5 tahun lalu
Bank Jateng KCP Solo Baru,Natalia Dian,5 bintang,pelayanan baik,2 tahun lalu
Bank Jateng KCP Solo Baru,ArioTalker,5 bintang,Pelayanan cukup bagus.,3 tahun lalu
Bank Jateng KCP Solo Baru,Yoyok Rubiantono,5 bintang,tempatnya nyaman dan mudah ditemukan,3 tahun lalu
Bank Jateng KCP Solo Baru,IkiBocahe VLOG,5 bintang,Mantap,4 tahun lalu
Bank Jateng KCP Solo Baru,Aditya Kushendratno,5 bintang,Tengah kota,2 tahun lalu
Bank Jateng KCP Solo Baru,adam azis,5 bintang,Kerja bagus,seminggu lalu
Bank Jateng KCP Solo Baru,AL BARKAT KARPET SOLO BARU,5 bintang,menyesap,setahun lalu
Bank Jateng KCP Solo Baru,Yaris nurwahid,4 bintang,menyesap,setahun lalu
Bank Jateng KCP Solo Baru,aprilia,5 bintang,👍👍 …,4 tahun lalu
Bank Jateng KCP Solo Baru,Ailee Nia,5 bintang,Bagus,6 tahun lalu
Bank Jateng KCP Solo Baru,Azel Kim,5 bintang,No Review,2 bulan lalu
Bank Jateng KCP Solo Baru,Andita Rizky,5 bintang,No Review,9 bulan lalu
Bank Jateng KCP Solo Baru,Adnin Surgawan,5 bintang,No Review,2 tahun lalu
Bank Jateng KCP Solo Baru,Danung Pratama,3 bintang,No Review,7 tahun lalu
Bank Jateng KCP Kartasura,Muhammad Ryan Ikhsanudin,5 bintang,"Terimakasih Pak Adi atas pelayanannya, sudah di bantu dan di jelaskan detail banget. Aman lancar sukses selalu bank jateng 😍🤩🤩🤩 …",5 bulan lalu
Bank Jateng KCP Kartasura,Winda Auliya,1 bintang,"CS nya pendiem banget. Ga ada senyum salam sapa, ga ada komunikasi, emang ga ada SOP kah?",6 hari lalu
Bank Jateng KCP Kartasura,Ndaru Kristiana,5 bintang,"Ramaaahh semua,satpamnya juga ngebantuin banget ,sampai di teller salah tulis juga di bantuin tanpa harus antri lagi,cepet pokoknya  the best",3 bulan lalu
Bank Jateng KCP Kartasura,yda tika,4 bintang,"pas dateng langsung disambut dengan ramah sama satpamnya, trus sempet nanya2 dan dikasih pengarahan jugag sangat ngebantu..  pas kesini lagi ketemu satpam yg sama, ternyata ramah juga sama customer lansia yg bingung bener2 dibantu, sampek …",5 bulan lalu
Bank Jateng KCP Kartasura,Binar Antares,5 bintang,makasih banyaaak mba² CSnya mba April & mas satpamnya baik banget 🙏🏻 …,3 minggu lalu
Bank Jateng KCP Kartasura,Wibowo Isa,1 bintang,Pelayanan Sangat Buruk Terutama bagian CS sangat tidak solutif,2 minggu lalu
Bank Jateng KCP Kartasura,Alvin Muhamad,5 bintang,Terimakasih pk. Satpam c. Putra sudah membantu memberikan pelayanan yg baik. 🙏☺ …,5 bulan lalu
Bank Jateng KCP Kartasura,muslihatun nidak,5 bintang,"Pelayanan oke. Mulai dari satpam, CS, teller semuanya ramah",4 bulan lalu
Bank Jateng KCP Kartasura,utama kartasura,5 bintang,Trimakasih pak satpam putra..layanannya sangat baik🙏😊 …,4 bulan lalu
Bank Jateng KCP Kartasura,Arum Rizki,1 bintang,"Setiap mau tarik tunai di ATM
Selalu kalau sabtu malam dan minggu malam mesin gangguan
Aneh sih udah sering tp masih blm di benerin juga",setahun lalu
Bank Jateng KCP Kartasura,Dody Hery S,5 bintang,pelayanan bagus satpam dan petugasnya ramah 🙏🙏🙏 …,sebulan lalu
Bank Jateng KCP Kartasura,Muhammad Nur Abdul Rohim,5 bintang,Pelayanan cepet... Security juga cepat tanggap... Ramah - ramah juga...,4 bulan lalu
Bank Jateng KCP Kartasura,Mei Candra Mahardika,1 bintang,Pelayanan buruk,2 minggu lalu
Bank Jateng KCP Kartasura,Nugroho Purwanto,5 bintang,Sangat memuaskan pelayanannya,4 bulan lalu
Bank Jateng KCP Kartasura,husna azrina,1 bintang,awalnya mau bikin rek di bank jateng Kartasura itu mikir mikir karena rating n komen kebanyakan jelek. Tp setelah masuk ternyata pegawai ramah ramah.tp dibalik itu tidak ada keterbukaan dr cs. …,2 tahun lalu
Bank Jateng KCP Kartasura,Kenzo Aji,1 bintang,"Apa2an ada tukang parkir, saya cuma ambil uang di ATM itupun mesin ATM diluar gak masuk ke dalem lah kok di tarik parkir katanya area parkir.
tolong itu preman pasar di bilangin, kalo cuma tarik yang di ATM ga perlu bayar parkir, sepele 2000 rupiah aja tapi kesannya seperti malak, soalnya harus bayar",2 tahun lalu
Bank Jateng KCP Kartasura,rizky setiawan,1 bintang,Pelayanan Lemot,seminggu lalu
Bank Jateng KCP Kartasura,Ms Collection,1 bintang,Pelayanan lamban,7 bulan lalu
Bank Jateng KCP Kartasura,TRI KURNIAWAN,1 bintang,Pelayanan buruk sekali.ada petugas yang dengan sengaja membentak2 customer (yg sudah tua)tanpa alasan yg jelas.,2 tahun lalu
Bank Jateng KCP Kartasura,Hafidz Wahyu A,1 bintang,Menejemen apakah tidak pernah melakukan evaluasi implementasi SOP dilapangan khususnya frontlinernya? Judes2 amat frontlinernya,setahun lalu
Bank Jateng KCP Kartasura,Widihastuti Wulandari,5 bintang,Satpamnya td sore udah nikah blm? Boleh kenalan? ☺,9 bulan lalu
Bank Jateng KCP Kartasura,Muhamad Anton Dwi Aji Wibowo,1 bintang,"Satpam gak ramah, saya mau menggunakan atm malah di usir gara2 parkir mobil di depan pintu, kan udh malam, bank juga udh tutup, mau parkir dimana juga, di pinggiran jalan dibuat jualan pedagang kaki lima, gak sampe 5 mnt juga parkir disitu, al hasil cari atm lain aja..",5 tahun lalu
Bank Jateng KCP Kartasura,soraya moslem,1 bintang,pelayanan cs dan teller tidak ramah sama sekalii.... apa lagi yang perempuan.. tolong seleksi karyawannya yg bagus.. utamakan kenyamanan nasabah,3 tahun lalu
Bank Jateng KCP Kartasura,"SYAMSUL, KOMAR",1 bintang,Customer servisnya yg perempuan sangat tidak ramah.. parah bangtttt... Kayak kurang pendidikan attitude,3 tahun lalu
Bank Jateng KCP Kartasura,Beni Sutanto,4 bintang,Pelayanan bagus hampir tanpa celah kekurangan cuma tempatnya sempit lahan parkir juga sempit,3 tahun lalu
Bank Jateng KCP Kartasura,Kampret Attack,1 bintang,"Satpamnya gk ramah blass,beda sama satpam bank lain,yang lbih mengutamakan kenyamanan buat nasabah,",4 tahun lalu
Bank Jateng KCP Kartasura,Maz Bay,5 bintang,Tempat yang tidak begitu luas ditunjang dengan pelayanan yang terampil dan cepat mampu membuat nasabah puas,2 tahun lalu
Bank Jateng KCP Kartasura,vava vava,1 bintang,"itu cs yang kanan pangkatnya apa sih,songong amat,tidak ramah sama sekaki,perlu di mutasi",2 tahun lalu
Bank Jateng KCP Kartasura,gita,1 bintang,CARI PEGAWAI BUAT TELLER YG BENER DONG!!!! BISA BISANYA SALAH TRANSFER 2 JUTA GIMANA CRITANYA,setahun lalu
Bank Jateng KCP Kartasura,muhammad khafirir rossydi,1 bintang,Securitynya ga ada yang backup...jadi cust nya bingung mau ambil antrian gimana...aneh,4 tahun lalu
Bank Jateng KCP Kartasura,Jo Fa,1 bintang,Pelayanan jelek! satpamnya ga ramah 😡 cs playaman lama! …,5 tahun lalu
Bank Jateng KCP Kartasura,Triplets Girls (baby&kids shop),5 bintang,Nyaman.pelayanan ramah,setahun lalu
Bank Jateng KCP Kartasura,Athur Toto H,2 bintang,"Lahan parkir kurang mendukung, kendaraan nasabah sering terpakir memakan bahu jalan",3 tahun lalu
Bank Jateng KCP Kartasura,Miftaqul Wahyuwibowo,1 bintang,"Teler nya jauh dari kata ramah, cs juga, beda dengan bank jateng cabang lainnya",2 tahun lalu
Bank Jateng KCP Kartasura,Edo nur Fauzi,5 bintang,Pelayanan untuk masyarakat topp,7 bulan lalu
Bank Jateng KCP Kartasura,cahya pertiwi,4 bintang,"Pelayanan teller cepat,ramah",2 tahun lalu
Bank Jateng KCP Kartasura,indah mawar,5 bintang,pelayananny mantap👌 …,setahun lalu
Bank Jateng KCP Kartasura,Yanuar Saputro,4 bintang,Strategis tapi ruangannya agak sempit,setahun lalu
Bank Jateng KCP Kartasura,pupung andreas,2 bintang,Pelayanan teller jauh dr ramah,3 tahun lalu
Bank Jateng KCP Kartasura,Sabrina Julia ananti,1 bintang,pelayanan buruk dan tidak ramah.,2 tahun lalu
Bank Jateng KCP Kartasura,Yustinus Djarot,5 bintang,pelayanan bagus...,4 tahun lalu
Bank Jateng KCP Kartasura,Arfian setiaananta,1 bintang,pelayanan jelek,4 tahun lalu
Bank Jateng KCP Kartasura,AyU Harwin,5 bintang,Sangat Baik..👍🏻👍🏻👍🏻👍🏻 …,2 tahun lalu
Bank Jateng KCP Kartasura,Monggo Maem,5 bintang,Baik.,7 tahun lalu
Bank Jateng KCP Kartasura,Danna Suandana,5 bintang,Bank jateng yang bener sini,8 tahun lalu
Bank Jateng KCP Kartasura,Sri Mulyati,1 bintang,Mbake CS,sebulan lalu
Bank Jateng KCP Kartasura,febis iainsurakarta,1 bintang,No Review,2 minggu lalu
Bank Jateng KCP Kartasura,074 Arief Hakim,5 bintang,No Review,sebulan lalu
Bank Jateng KCP Kartasura,Adam Ghivari,5 bintang,No Review,2 bulan lalu
Bank Jateng KCP Kartasura,Mikasa Ackerman,5 bintang,No Review,2 bulan lalu
Bank Jateng KCP Kartasura,Claurita Nk,5 bintang,No Review,2 bulan lalu
Bank Jateng KCP Kartasura,Diska Febri,5 bintang,No Review,4 bulan lalu
Bank Jateng KCP Kartasura,Raharjo Mudo Handoko,1 bintang,No Review,setahun lalu
Bank Jateng KCP Kartasura,Dian Agung,5 bintang,No Review,setahun lalu
Bank Jateng KCP Kartasura,Kusnan Arifin,4 bintang,No Review,2 tahun lalu
Bank Jateng KCP Kartasura,Ag,5 bintang,No Review,2 tahun lalu
Bank Jateng KCP Kartasura,Rickyws,1 bintang,No Review,3 tahun lalu
Bank Jateng KCP Kartasura,Anisa Latifah,5 bintang,No Review,3 tahun lalu
Bank Jateng KCP Kartasura,Hardy Peyek,3 bintang,No Review,3 tahun lalu
Bank Jateng KCP Kartasura,Jax Agus,5 bintang,No Review,4 tahun lalu
Bank Jateng KCP Kartasura,Adi Saputro_1,5 bintang,No Review,4 tahun lalu
Bank Jateng KCP Kartasura,ALI MA'SHUM FUADI,4 bintang,No Review,4 tahun lalu
Bank Jateng KCP Kartasura,Sidiq P,1 bintang,No Review,5 tahun lalu
Bank Jateng KCP Kartasura,Edy Haryanto,4 bintang,No Review,5 tahun lalu
Bank Jateng KCP Kartasura,MH AISLDMAIR,5 bintang,No Review,5 tahun lalu
Bank Jateng KCP Kartasura,Skye NMN,5 bintang,No Review,5 tahun lalu
Bank Jateng KCP Kartasura,Anik Pratiwi,1 bintang,No Review,6 tahun lalu
Bank Jateng KCP Kartasura,Setyo Sunu,5 bintang,No Review,6 tahun lalu
Bank Jateng KCP Kartasura,Sudigdo,1 bintang,No Review,6 tahun lalu
Bank Jateng KCP Mojolaban,Kazma Ayu,3 bintang,"1 teller, 1 customer service, jelas dong antriannya berapa banyak 🙃 …",sebulan lalu
Bank Jateng KCP Mojolaban,Natalia Dian,5 bintang,petugasnya friendly ... nggak antrii banyak,2 bulan lalu
Bank Jateng KCP Mojolaban,Kasmarie Poto,1 bintang,"Saya mengajukan pinjaman KUR di Bank Jateng yang proses nya sangat ribet, dan saya di mintai fee oleh marketing berinisial K***** cukup besar yang di kenakan untuk pelunasan pinjaman yang lama. Membantu tapi mengambil kesempatan. Saya akhirnya pindah ke bank lain.",setahun lalu
Bank Jateng KCP Mojolaban,Sumino Paikem,1 bintang,"Bank jateng paling jorok samping ATM banyak abu rokok kayak ga dirawat, apalagi kalau sore parkir ambil uang susah parkirannya ga tertata",setahun lalu
Bank Jateng KCP Mojolaban,rona edi suparno parno,4 bintang,Apakah KUR bank Jateng masih ada....???,3 bulan lalu
Bank Jateng KCP Mojolaban,Helmi Eko Ramadhan,1 bintang,"Sangat kecewa dengan pelayanan bank jateng bekonang, udah ngantri dari jam 12 lebih nunggu teler bukak di jam stngah 2  setelah nulis bifas kehabisan waktu, untuk transaksi pdahal udah kencanan sama mobil yang mau di beli hari ini",setahun lalu
Bank Jateng KCP Mojolaban,SALMAN AL FARISI,1 bintang,Saya cuman kecewa dgn fasilitas atm nya cuman 1 unit saja . Tiap datang ke bank jateng mojolaban psti ngantri nya luman panjang karena di penuhin oleh pegawai2 . Saran untu menambah fasilitas atm 1 unit lagi.,3 tahun lalu
Bank Jateng KCP Mojolaban,Nugroho waw,4 bintang,Apakah di bank jateng mojolaban ATMnya bisa setor tunai?,10 bulan lalu
Bank Jateng KCP Mojolaban,Wahyu Prawito,5 bintang,"Terimakasih mas gusti, berkat sampean usaha saya tambah lancar👍 …",setahun lalu
Bank Jateng KCP Mojolaban,citro yanto,5 bintang,Selama 25 berada di tempat saya merasa nyaman.,setahun lalu
Bank Jateng KCP Mojolaban,Fredicha Arya,4 bintang,"Ambil dana pensiunan pns disini..
Pelayanan ramah parkir cukup luas",7 tahun lalu
Bank Jateng KCP Mojolaban,arum sas,3 bintang,Tolong dong lebih komunikatif dengan pelanggan,setahun lalu
Bank Jateng KCP Mojolaban,Siti 92,5 bintang,"Nyaman, ramah, profesional 🙏 …",setahun lalu
Bank Jateng KCP Mojolaban,Gina Karini (Gina),3 bintang,Pelayanan baik.. Parkir cukup nyaman,8 tahun lalu
Bank Jateng KCP Mojolaban,Agung tjaranc,5 bintang,Pelayanan baik..parkir luas..,2 tahun lalu
Bank Jateng KCP Mojolaban,Marvellino King shaarawy,2 bintang,Pelayanan buruk slow respon,2 tahun lalu
Bank Jateng KCP Mojolaban,Baiq galuh,5 bintang,Mantap,setahun lalu
Bank Jateng KCP Mojolaban,Waka Egitha Putra,5 bintang,Semangat Sukses Sejahtera,7 tahun lalu
Bank Jateng KCP Mojolaban,Amirul Mutaqin,5 bintang,mbk ester cantik,6 tahun lalu
Bank Jateng KCP Mojolaban,Hendrik Priyo Utomo,4 bintang,Sipp,setahun lalu
Bank Jateng KCP Mojolaban,reiramustika,2 bintang,Lama sekali,7 tahun lalu
Bank Jateng KCP Mojolaban,Prasetyo Budi Widagdo,4 bintang,Bagus,7 tahun lalu
Bank Jateng KCP Mojolaban,Azel Kim,5 bintang,No Review,2 bulan lalu
Bank Jateng KCP Mojolaban,Dhy,1 bintang,No Review,11 bulan lalu
Bank Jateng KCP Mojolaban,Gusti,5 bintang,No Review,setahun lalu
Bank Jateng KCP Mojolaban,Gusti,5 bintang,No Review,setahun lalu
Bank Jateng KCP Mojolaban,Ito Leysha,5 bintang,"Terimakasih banyak atas ranting yang diberikan Bapak/Ibu, semoga kedepannya kami bisa lebih baik lagi.",2 tahun lalu
Bank Jateng KCP Mojolaban,soraya wiendy,5 bintang,Terima kasih Ibu atas bintang 5 nya ,2 tahun lalu
Bank Jateng KCP Mojolaban,Yunan Wibi,5 bintang,"Terimakasih atas atensinya, Sdr. Yunan Wibi.. semoga kerjasama yang telah terjalin selama ini dapat terus berjalan dengan baik.",3 tahun lalu
Bank Jateng KCP Mojolaban,Fabrizio Auladoz,5 bintang,No Review,3 tahun lalu
Bank Jateng KCP Mojolaban,Anjas Arga,5 bintang,No Review,4 tahun lalu
Bank Jateng KCP Mojolaban,DIAN ADHI PERMANA,5 bintang,No Review,6 tahun lalu
Bank Jateng KCP Mojolaban,Komar Solo,5 bintang,TERIMAKASIH,7 tahun lalu
Bank Jateng KC Klaten,Heni Setyowati,1 bintang,"Petugas ramah,jelas dalam menjelaskan,cuma kaget aja waktu dijelaskan ttg DPLK.Saya peserta DPLK mau melakukan penarikan di tengah masa kontrak,harus nunggu cair antara 14 hari kerja aktif bahkan bisa lebih,bisa sampai 1bln.Pdhl jumlahnya …",2 minggu lalu
Bank Jateng KC Klaten,Nurkholis Marwanto,3 bintang,"Bank Jateng ini bagus dalam beberapa hal. Namun juga masih banyak kekurangannya. Siang harinya tampak lenggang, tidak banyak antrian yang dilayani. Tersedia air mineral dingin untuk pelanggan. Dari bagian security sudah cukup ramah. Jelas …",5 tahun lalu
Bank Jateng KC Klaten,Tri Mart Pamungkas,5 bintang,"Proses ganti kartu ATM relatif cepat. Cukup mengisi formulir dan menunjukan kartu ATM, buku tabungan, & KTP.",11 bulan lalu
Bank Jateng KC Klaten,Firsty Lintang,2 bintang,Mohon kiranya kartu ATM keluar terlebih dahulu baru uang .. JD tidak ada kasus ATM ketinggalan...,3 bulan lalu
Bank Jateng KC Klaten,Yunan Mumtaz,4 bintang,"Pelayannya bagus, petugas juga ramah², tempatnya juga bersih, parkirnya gratis, hanya antriannya terlalu lama di CS nya. Hampir 2 jam antri.",setahun lalu
Bank Jateng KC Klaten,Sektorbaut Indo,5 bintang,Makasih mas Obel udh layani kredit saya hehe,seminggu lalu
Bank Jateng KC Klaten,Kinanthi Rindang,1 bintang,Atm tiba2 tertelan padahal baru memasukan (bukan karena terlalu lama memasukan pin). lalu saya mendatangi security dan pegawai yg sedang duduk2 dan mereka hanya bilang kalau kejadian tsb sudah biasa karena mesin atm sering eror dan bisa diurus menunggu hari esok. Tidak ada niatan membantu/ melihat terlebih dahulu hanya tertawa2.,setahun lalu
Bank Jateng KC Klaten,Taufik A. Yudanto,5 bintang,Tersedia atm pecahan 50 dan 100 ribu. Tempat parkir panas..,6 tahun lalu
Bank Jateng KC Klaten,Risfajani Risfa,3 bintang,"pelayanan bagus,ruang bersih cuma u antrian CS terlalu lama dan tdk ada toleran u hal2 yg urgent..(mis sdh antri no urut 30..antrian dah no 28,kita sdh antre hampir 1jam ditelp dari rumah ada persalinan,tetep tdk dilayani..srh cari waktu yg longgar..pdhal rumah kita jauh😇😇 …",11 bulan lalu
Bank Jateng KC Klaten,Alhudilla Rahma,1 bintang,"Sangat buruk, pengambilan uang di atm bank jateng tidak keluar uang nya. Pengajuan melihat cctv bayar 300rb, hanya diperlihatkan potongan foto yg sangat tidak jelas",setahun lalu
Bank Jateng KC Klaten,Lucia Ida Ayu K,1 bintang,satu kata : BURUK. Ibu saya yang lansia di ping pong kesana kemari karena kinerja yang buruk dari managemen bank tsb. Bagi bapak ibu pensiunan mohon dipertimbangkan kembali jika uang pensiunnya nanti di transfer lewat Bank BPD Jateng. Uang  sendiri kok dipersulit buat ambil. MENYEBALKAN!,setahun lalu
Bank Jateng KC Klaten,dsea Arsy,1 bintang,"Ruang laktasi dpakai CS nya buat pumping, dan lama banget.. padahal customer ad yg bawa baby.. alhasil mau pakai ruangan g bisa, krn dkunci sama CS nya.. …",setahun lalu
Bank Jateng KC Klaten,Yuandita Setiawan,4 bintang,"Kesan pertama adalah satpamnya yang sepuh dan berkumis ramah sekali khas Jawa.
Ruang tunggunya banyak kursi tapi sempit, jadi kurang nyaman bila sedang penuh-penuhnya. …",5 tahun lalu
Bank Jateng KC Klaten,Ayahku Guru,2 bintang,"Dari cs kalo mw ke teller harus ulang lagi dr awal, di bank lain bisa di selakne",setahun lalu
Bank Jateng KC Klaten,fajarr 118,3 bintang,"Teller ☆☆☆☆☆
Security ☆☆☆☆
CS ☆☆ …",3 tahun lalu
Bank Jateng KC Klaten,petrus wono prawiro,4 bintang,Terima kasih Bank Jateng KC Klaten beserta semua Jajarannya.... 👍🏻🙏🥰 Pelayanan yg memuaskan untuk Nasabah ..... untuk dipertahankan ... 👍🏻🙏🥰🌻🌹 …,setahun lalu
Bank Jateng KC Klaten,Astuti creator,5 bintang,"Wow Selalu ramai....kl kalian kota2 di Klaten banyak acara dan mo da perlu  di Bank Jateng ini nih, saran kami ambil antrian dulu terus lanjutkan acara kota kota....ntar kl dah mo selesai kota2 baru tuh kalian kembali ke Bank …",5 tahun lalu
Bank Jateng KC Klaten,Duck Channel,4 bintang,"untuk pengamanan, lebih baik 1 mengawasi didepan pintu dan mengasihkan nomor antrean dan yg lain mengarahkan bagian slip dan mengawasi para nasabah.",4 tahun lalu
Bank Jateng KC Klaten,rose natalina,1 bintang,Tidak membantu nasabah setelah pelunasan credit jadi jaminan yg ada di bank susah untuk keluar jadi saya sangat kecewa sudah 3 bulan saya urus sertifikat saya tp belum keluar2  juga,3 tahun lalu
Bank Jateng KC Klaten,Shirt Short,2 bintang,Cuma sisa track record selesai pembayaran aja kok ditolak pengajuannya:) Terimakasih Bank Jateng☺,2 tahun lalu
Bank Jateng KC Klaten,welcome to my life,1 bintang,"mesin atm setor tunai 1 hari normal 6 hari rusak , cari teknisi yg handal utk maintenece dong..",3 tahun lalu
Bank Jateng KC Klaten,cah bagus,1 bintang,"Securitynya yg muda diem aja, diajak ngmong jg diem. Bad bgt, sangat buruk. Nama securitynya Put*A",2 tahun lalu
Bank Jateng KC Klaten,Liya sringaliyah,5 bintang,"Frontline nya barusan direnov sekarang tatanan jadi keliatan lebih rapi.
Tellernya jg banyak yg baru dan sekarang lebih banyak jadi bisa lebih cepet",3 tahun lalu
Bank Jateng KC Klaten,Dea Aprilia,4 bintang,"Teller ramah, ruangan antrean bersih dan nyaman",9 bulan lalu
Bank Jateng KC Klaten,Teguh Nur,5 bintang,"Petugas ramah, hanya saja parkir kurang luas",setahun lalu
Bank Jateng KC Klaten,iswan,1 bintang,Banking kok eror terus.   Ngasi males ning CS,setahun lalu
Bank Jateng KC Klaten,Si Hahan,4 bintang,Keren....gokil habis gk kalah dengan level bank nasional....pelayanan maupun keramahannya...👍👍🙏 …,2 tahun lalu
Bank Jateng KC Klaten,Ryan Tan,5 bintang,Bank jateng dengan gedung yang sempit. Semoga kedepan gedungnya semakin bagus dan parkirannya memadahi,4 tahun lalu
Bank Jateng KC Klaten,Boedi Noegroho Andreas,3 bintang,"Pernah ke sini untuk bayar PBB. Walaupun antri cukup lama, tapi layanan cukup baik.",6 tahun lalu
Bank Jateng KC Klaten,basuki rokhmad,5 bintang,Pelayanannya memuaskan..pegawainya cantik cantik ramah sopan murah senyum,3 tahun lalu
Bank Jateng KC Klaten,hary kurniawan,5 bintang,"Pelayanan bagus, dan cepat",9 bulan lalu
Bank Jateng KC Klaten,Hery Fiand,5 bintang,Apakah ada nomer telp yg bisa di hub i,setahun lalu
Bank Jateng KC Klaten,gadomu,4 bintang,bank bpd yg slalu berkembang menjadi bank skala nasional,6 tahun lalu
Bank Jateng KC Klaten,Yoga Waellah,4 bintang,Pelayanannya cepat bro n sis.,8 tahun lalu
Bank Jateng KC Klaten,Waka Egitha Putra,4 bintang,"Senyum, Sapa, Salam, Sopan santun dan Sepenuh hati",7 tahun lalu
Bank Jateng KC Klaten,JM,5 bintang,"Bersih, nyaman, ramah",setahun lalu
Bank Jateng KC Klaten,panji seno,5 bintang,Proses mudah,setahun lalu
Bank Jateng KC Klaten,Bachtiar Pudya,5 bintang,Banknya wong jawa...,8 tahun lalu
Bank Jateng KC Klaten,Hantoro Adi,5 bintang,Tingkatkan pelayananya...,7 tahun lalu
Bank Jateng KC Klaten,Fahmost Done,5 bintang,Nyaman kursinya,5 tahun lalu
Bank Jateng KC Klaten,Shanum Ripin,4 bintang,"Pelayanan ramah,",5 tahun lalu
Bank Jateng KC Klaten,mar jana,3 bintang,Lumayan,setahun lalu
Bank Jateng KC Klaten,KabarKlaten TV,4 bintang,No Review,5 tahun lalu
Bank Jateng KC Klaten,Arif Farwanto,1 bintang,Antriaaann laammaa,setahun lalu
Bank Jateng KC Klaten,Deasy Omega,5 bintang,No Review,2 bulan lalu
Bank Jateng KC Klaten,Dafaa Azzahraa,2 bintang,No Review,8 bulan lalu
Bank Jateng KC Klaten,ryan prasetyo,5 bintang,No Review,setahun lalu
Bank Jateng KC Klaten,Aprie Khan,1 bintang,No Review,setahun lalu
Bank Jateng KC Klaten,Lovely Sissy,5 bintang,No Review,setahun lalu
Bank Jateng KC Klaten,Widoyo Widoyo,5 bintang,No Review,2 tahun lalu
Bank Jateng KC Klaten,Rizky Dwi.,5 bintang,No Review,2 tahun lalu
Bank Jateng KC Klaten,josa cod,3 bintang,No Review,2 tahun lalu
Bank Jateng KC Klaten,Adkhan Sholeh,4 bintang,No Review,2 tahun lalu
Bank Jateng KC Klaten,Hariyanto GGn,5 bintang,No Review,3 tahun lalu
Bank Jateng KC Klaten,nurhayati 20,5 bintang,No Review,3 tahun lalu
Bank Jateng KC Klaten,gabriel putri,4 bintang,No Review,4 tahun lalu
Bank Jateng KC Klaten,Ryd PWO05,5 bintang,No Review,4 tahun lalu
Bank Jateng KC Klaten,Arya arda,5 bintang,No Review,4 tahun lalu
Bank Jateng KC Klaten,Widi's STUDIO,5 bintang,No Review,4 tahun lalu
Bank Jateng KC Klaten,Dedy Fajar,5 bintang,No Review,5 tahun lalu
Bank Jateng KC Klaten,Novi Sulistyowati,4 bintang,No Review,6 tahun lalu
Bank Jateng KC Klaten,Agung Pirsada,3 bintang,No Review,6 tahun lalu
Bank Jateng KC Klaten,kasiyanta deka,5 bintang,No Review,6 tahun lalu
Bank Jateng KC Klaten,yudi oke,5 bintang,No Review,8 tahun lalu
Bank Jateng KC Boyolali,Y Oktiari,5 bintang,"Ke sini untuk ganti ATM expired. Syarat : buku tabungan, kartu ATM, KTP, mengisi form dan dibantu pak satpam untuk fotocopy.
Meskipun menunggu lama sekitar 1.5 jam, tapi pelayanan baik dan ramah. …",sebulan lalu
Bank Jateng KC Boyolali,Susilawati,4 bintang,"Dari jogja mau ke selo, mampir karena lupa nggak bawa uang, 🤭😅... Alhamdulillah setelah muter2 kota boyolali dan maping akhirnya ketemu juga. Tempatnya nyaman. Bapak-bapaknya ramah... …",8 bulan lalu
Bank Jateng KC Boyolali,Galuh Larasati (Ragiiel),5 bintang,"Pelayananny good., ramah dan bantuin bgt.
Perpanjangn atm.
Syart bawa ktp, buku tabungan, sama atm asli. …",sebulan lalu
Bank Jateng KC Boyolali,Mustafiq,5 bintang,"Pelayanan oke cepat , tidak antri lama waktu ganti atm kadaluarsa",sebulan lalu
Bank Jateng KC Boyolali,Mauza Arka,5 bintang,Layanannya memuaskan,sebulan lalu
Bank Jateng KC Boyolali,Kazuma 12,5 bintang,"Pelayanan cepat, ramah
tempat parkir luas, mantul deh",4 tahun lalu
Bank Jateng KC Boyolali,astuti sri,5 bintang,Pelayanan baik,seminggu lalu
Bank Jateng KC Boyolali,War Sono sri,5 bintang,Beberapa peserta tour Pariwisata ada yang kekurangan bekal maka sempat mampir di Bank Jateng KC Boyolali untuk mengambil uang di mesin ATM untuk bekal melanjutkan perjalanan Tempat-tempat wisata pusaran Kabupaten Boyolali seperti Sako alas Wisata Religi Boyo lali dll sampai jam 16.00,setahun lalu
Bank Jateng KC Boyolali,Muryanti Muryanti,5 bintang,Bagus sekali,sebulan lalu
Bank Jateng KC Boyolali,PROMKES BOYOLALI,5 bintang,Cepat ramah,seminggu lalu
Bank Jateng KC Boyolali,HANA Sugyarti,5 bintang,Bagus pelayanan nya cepet,3 tahun lalu
Bank Jateng KC Boyolali,Syahrul K,4 bintang,Lumayan/10,seminggu lalu
Bank Jateng KC Boyolali,Niesva,5 bintang,"Alhamdulillah pelayananya sangat ramah sekali kita dibantu apa keperluan kita dengan baik, tempatnya juga sangat nyaman dan luas.",2 tahun lalu
Bank Jateng KC Boyolali,nur aisyah,2 bintang,"ATM drive tru nya rusak terus,dah berapa bulan tuh ga dibenerin,sepertinya orang2 disuruh sengaja ngantri di atm biasa biar berkerumun,satpamnya juga diam aja liat kerumunan,padahal masih pandemi lho..",3 tahun lalu
Bank Jateng KC Boyolali,Anak Merapi,5 bintang,"Pelayanannya ramah, tempatnya juga luas, ada toitel dan ruang laktasi, bisa cas hp jg, mntap dah pokoknya ...",4 tahun lalu
Bank Jateng KC Boyolali,DS Sugiarto,1 bintang,"cuma pencairan bank garansi, dari kamis siang masuk surat. sampai hari selasa masih belum cair. bilangnya lama waktu pencairan sama kaya waktu pembuatan bank garansi, hari ini masuk, lusa udah clear.",6 tahun lalu
Bank Jateng KC Boyolali,panda jawa,5 bintang,Kesini buat setor atau tarik tunai atm nya ada banyak. Parkir luas. Kalau ada masalah satpam siap sedia membantu.,2 tahun lalu
Bank Jateng KC Boyolali,henrie,5 bintang,Kalo tanggal muda gini tellernya umum cm satu yng satu ngurusin pensiunan .....antri 3 jam ..... Kok gini bgt ya pelayananaya....,6 tahun lalu
Bank Jateng KC Boyolali,Prihwanti Prihwanti,5 bintang,Mantap,2 minggu lalu
Bank Jateng KC Boyolali,Nur Isnaini,5 bintang,Tempatnya nyaman dan bersih. .pelayanan yang sangat memuaskan,4 tahun lalu
Bank Jateng KC Boyolali,Fitri Puspita,4 bintang,Lbih mantab lg klo ada free wifi utk customer 😇 …,2 tahun lalu
Bank Jateng KC Boyolali,Ayu Sekar,5 bintang,Pelayanan prima,3 tahun lalu
Bank Jateng KC Boyolali,Noviyani 68,4 bintang,"Cs nya antri lama, 2 jam lebih",setahun lalu
Bank Jateng KC Boyolali,margotchibwa,5 bintang,kualitas kasie pelayanan 👍🏼 …,setahun lalu
Bank Jateng KC Boyolali,Aulia Aulia,5 bintang,Pelayanannya cepat dan ramah,setahun lalu
Bank Jateng KC Boyolali,Dick Indra,4 bintang,👍👍 …,7 tahun lalu
Bank Jateng KC Boyolali,Solo Madu,5 bintang,Pelayanan cepat dan profesional.,setahun lalu
Bank Jateng KC Boyolali,Wawan Setyawan,4 bintang,"Pelayanan & tempatnya oke, dan antri.",8 tahun lalu
Bank Jateng KC Boyolali,pinot 998tara,4 bintang,Lingkungan nyaman dan pelayanan nya baik,3 tahun lalu
Bank Jateng KC Boyolali,mas budi,5 bintang,"Pelayanan bagus, tempat nyaman",7 tahun lalu
Bank Jateng KC Boyolali,Ethan Connor155,5 bintang,Pelayanan sangat baik.,3 tahun lalu
Bank Jateng KC Boyolali,eka danti puspitasari,5 bintang,Pelayanan oke,5 tahun lalu
Bank Jateng KC Boyolali,anassaputro 5ED2B623,4 bintang,Parkiran nya luas nyaman,4 tahun lalu
Bank Jateng KC Boyolali,Tri Haryanto,5 bintang,Mantabs pelayanan nya,5 tahun lalu
Bank Jateng KC Boyolali,Bapak Gunawan0009,4 bintang,Parkir nyaman dan luas 👌 …,4 tahun lalu
Bank Jateng KC Boyolali,Narendra Guntoro,5 bintang,Sangat membantu,4 tahun lalu
Bank Jateng KC Boyolali,Wahidkansa Wijaya,5 bintang,keren,2 tahun lalu
Bank Jateng KC Boyolali,Budi Waryanto,5 bintang,Bagus,2 tahun lalu
Bank Jateng KC Boyolali,tiaraa y,2 bintang,dahulu kala Satpamnya ramah,setahun lalu
Bank Jateng KC Boyolali,__ekaaa asd,4 bintang,Jika,6 tahun lalu
Bank Jateng KC Boyolali,Krismon singgih Nugroho,5 bintang,No Review,2 minggu lalu
Bank Jateng KC Boyolali,jojo deni,5 bintang,No Review,sebulan lalu
Bank Jateng KC Boyolali,Ari Doni,5 bintang,No Review,sebulan lalu
Bank Jateng KC Boyolali,joe suryatmojo,4 bintang,No Review,setahun lalu
Bank Jateng KC Boyolali,ervina anggraini,5 bintang,No Review,setahun lalu
Bank Jateng KC Boyolali,raden jody,5 bintang,No Review,setahun lalu
Bank Jateng KC Boyolali,zazael masrumy,1 bintang,No Review,setahun lalu
Bank Jateng KC Boyolali,ayu prihastini,5 bintang,No Review,setahun lalu
Bank Jateng KC Boyolali,Andini Novita Ayu,5 bintang,No Review,setahun lalu
Bank Jateng KC Boyolali,feni farlena,5 bintang,No Review,setahun lalu
Bank Jateng KC Boyolali,bambang “Bamz” wijanarko,5 bintang,No Review,setahun lalu
Bank Jateng KC Boyolali,Rozaq Abdul,1 bintang,No Review,setahun lalu
Bank Jateng KC Boyolali,Kaka Radifa,4 bintang,No Review,2 tahun lalu
Bank Jateng KC Boyolali,Prita Dewi,5 bintang,No Review,2 tahun lalu
Bank Jateng KC Boyolali,Linda Widyawati 05,5 bintang,No Review,2 tahun lalu
Bank Jateng KC Boyolali,Agus Sajad,5 bintang,No Review,3 tahun lalu
Bank Jateng KC Boyolali,fito alfaturochim,5 bintang,No Review,3 tahun lalu
Bank Jateng KC Boyolali,Mohamad Arif,4 bintang,No Review,4 tahun lalu
Bank Jateng KC Boyolali,Herly Henta Sandya,5 bintang,No Review,5 tahun lalu
Bank Jateng KC Boyolali,subak,4 bintang,No Review,5 tahun lalu
Bank Jateng KC Boyolali,Van Shein,5 bintang,No Review,5 tahun lalu
Bank Jateng KC Boyolali,Muchin,5 bintang,No Review,6 tahun lalu
Bank Jateng KC Boyolali,yudi oke,5 bintang,No Review,8 tahun lalu
Bank Jaten KCP Delanggu,Iwan Setiaji,5 bintang,"Terletak di jalan delanggu utara no 21 , gatak Delanggu tepatnya di selatan rsu pku muhamadiyah delanggu
Ruang tunggu bersih rapi dan wangi, acnya terasa dingin bgt... Nyaman buat …",6 bulan lalu
Bank Jaten KCP Delanggu,dyah nugraini,1 bintang,"Pelayanan di CS sangat lama, nunggu 1jam lebih belum juga dilayani",sebulan lalu
Bank Jaten KCP Delanggu,rizky setiawan,1 bintang,Pelayanannya perlu ditingkatkan lagi.,seminggu lalu
Bank Jaten KCP Delanggu,Dhananjaya,1 bintang,"customer service 1jam lebih
baru layani 2 orang😀😀😀
customer service hanya 1orang …",8 bulan lalu
Bank Jaten KCP Delanggu,bagas pratama,1 bintang,Mesin atm sering bermasalah..terutama di hr sabtu minggu,11 bulan lalu
Bank Jaten KCP Delanggu,Dwi Rijadianto,4 bintang,"kadang antri lama di awal bulan, kadang longgar di minggu2 akhir bulan, parkir mobil agak susah, pelayanan baik dan ramah",4 tahun lalu
Bank Jaten KCP Delanggu,Agus Setiaji,5 bintang,Sangat baik,2 bulan lalu
Bank Jaten KCP Delanggu,Prastian,1 bintang,SUDAH DUA KALI BERKUNJUNG TAPI SATPAMNYA YANG BAPAK BAPAK TIDAK RAMAH. LEBIH BAIK GANTI SATPAM YANG LEBIH MUDA DAN RAMAH KEPADA PENGUNJUNG. pelayanan kasir lumayan,4 tahun lalu
Bank Jaten KCP Delanggu,Toko Fellyn,3 bintang,Nyimak . Belum Pernah Kesitu,setahun lalu
Bank Jaten KCP Delanggu,annisa angga,1 bintang,Males bgt sama satpamnya yg bapak2 tidak ramah sekali,3 tahun lalu
Bank Jaten KCP Delanggu,Iwak Manyung,2 bintang,Teler cuman satu.. lama,8 bulan lalu
Bank Jaten KCP Delanggu,Slam Tyo,5 bintang,"Pelayananya ramah, rapi dan cepat....  telerny cantik...hehe",5 tahun lalu
Bank Jaten KCP Delanggu,Dita Dewayani,4 bintang,"pelayanan ramah, tapi kadang antri lama",6 tahun lalu
Bank Jaten KCP Delanggu,Intan Dwi,3 bintang,Pelayanan sangat lama sekali,5 tahun lalu
Bank Jaten KCP Delanggu,Bintari zaudyasari,4 bintang,"Waktu mencairkan deposito, pelayanannya cepat",5 tahun lalu
Bank Jaten KCP Delanggu,Widodo Keyla018,4 bintang,"Letak strategis, pelayanan ramah",4 tahun lalu
Bank Jaten KCP Delanggu,avida hany,2 bintang,Antrian banyak,3 tahun lalu
Bank Jaten KCP Delanggu,Bagus Ajiii,5 bintang,No Review,2 bulan lalu
Bank Jaten KCP Delanggu,wisnu zakaria,5 bintang,No Review,2 bulan lalu
Bank Jaten KCP Delanggu,Septiana Tika,5 bintang,No Review,9 bulan lalu
Bank Jaten KCP Delanggu,Merpati Kita TV,1 bintang,No Review,setahun lalu
Bank Jaten KCP Delanggu,I a n,1 bintang,No Review,4 tahun lalu
Bank Jaten KCP Delanggu,Ismail Asri,5 bintang,No Review,5 tahun lalu
Bank Jaten KCP Delanggu,yudi oke,5 bintang,No Review,8 tahun lalu
Bank Jateng KCP Karangpandan,wawan budi,5 bintang,Wifinya belum bisa digunakan hehehe..,2 bulan lalu
Bank Jateng KCP Karangpandan,ANITA ISKHAYATI,2 bintang,Jumat dipasang pengumunan : Istirahat dr jam 11.30 buka jam 13.30 antrean panjang...,sebulan lalu
Bank Jateng KCP Karangpandan,Bangga Karanganyar,2 bintang,"Pelayanan lama,, ,
Ramah sih, tapi menurut saya kurang sat set, di era yang seperti ini kan harusnya sat set das des,,",sebulan lalu
Bank Jateng KCP Karangpandan,Setya Rini,4 bintang,"Buka 6 jam kerja, sabtu smpai jm 10..atm 24jam, ad satpamnya",5 tahun lalu
Bank Jateng KCP Karangpandan,Estu Sadono,1 bintang,"mohon maaf, satpam yg jaga malam hari sabtu tgl 11 mei 2024 jam 00.30, sepertinya mabuk bareng teman""nya dan menyalakan musik kencang, mohon maaf kami warga sekitar terganggu...!",10 bulan lalu
Bank Jateng KCP Karangpandan,Hafidz Lukman Hakim,4 bintang,"Prlayanan ramah karena bank😂, tempatnya luas, nyaman, dan aman …",2 tahun lalu
Bank Jateng KCP Karangpandan,HTA Benz,1 bintang,Tolong satpam yg jaga malam di tgl 10 - 11 mei 2024 itu di kondisikan. Karena tengah malam minum alkohol sama memutar musik dengan keras. Mengganggu kenyaman warga sekitar.,10 bulan lalu
Bank Jateng KCP Karangpandan,Adnan Rizki Ramadhani (Rama),4 bintang,bank jateng di kecamatan Karangpandan. atm selalu buka 24 jam dan ada sekuriti yang selalu menjaga,6 tahun lalu
Bank Jateng KCP Karangpandan,yatnooe tuminah,3 bintang,Antrian nggak banyak...ac ne adeemmmm polll.  Satpam e ramah kayak klo kita ke BCA,3 tahun lalu
Bank Jateng KCP Karangpandan,faeyza Raihan,5 bintang,Pegawainya sekarang ramah² .kalau ada yang kurang / keliru memberi info dengan sabar .. semangat mb Aesti.🫰Semangat Mas Teo …,setahun lalu
Bank Jateng KCP Karangpandan,Alfian Cahyo Budi,5 bintang,Pegawainya ramah-ramah dan selalu memberikan pelayanan yang prima terhadap nasabah,setahun lalu
Bank Jateng KCP Karangpandan,Alma Bathari,5 bintang,"Pelayanan sangat cepat, pegawainya sangat ramah. Suka sekali bertransaksi disini ☺️✨",setahun lalu
Bank Jateng KCP Karangpandan,Dian Chelsea,4 bintang,"Terima kasih bank Jateng, pelayanan nya bagus , ..",8 bulan lalu
Bank Jateng KCP Karangpandan,tk berjo1,4 bintang,tidak ada alamat e-mail kah?,5 bulan lalu
Bank Jateng KCP Karangpandan,putut agung kurnianto,3 bintang,"Bank nggak besar, costumer service nya sedikit, nasabah kebanyakan pns, kalau pas bersamaan dengan nasabah dari pns trutama guru negeri bisa berjam jam, menjadikan pelayanan sangat lamban dan sangat mengganggu pelayanan nasabah umum, …",5 tahun lalu
Bank Jateng KCP Karangpandan,Edy Sarwanto,5 bintang,"Tempat sangat strategis.
Parkir mobil dan motor luas.
Pelayanan sangat menyenangkan.
Mantap pokoknya.",setahun lalu
Bank Jateng KCP Karangpandan,andy ilham,5 bintang,"Pelayanan cepat, pegawainya ramah- ramah",8 bulan lalu
Bank Jateng KCP Karangpandan,ISTUTI SE,5 bintang,Pelayanan cepat. Pegawai ramah. Parkir luas. Tempatnya luas dan nyaman 🤩 …,setahun lalu
Bank Jateng KCP Karangpandan,Ika Trns,1 bintang,"teller lelet cuma ada 1, antri 2 jam lebih jadi males kalo mau setor",setahun lalu
Bank Jateng KCP Karangpandan,sarwange ragil rubyanti,5 bintang,pelayanan cepat👍🏻 …,5 bulan lalu
Bank Jateng KCP Karangpandan,Purwanto Abal Abal,5 bintang,"Bank Jateng Karangpandan lokasinya di jalan solo-tawangmangu..  Tepatnya dari terminal karangpandan ke timur.  Dari arah solo lokasi kanan jalan.  Bank Jateng pelayanan baik,  ramah,  satpamnya sangat ramah :)",6 tahun lalu
Bank Jateng KCP Karangpandan,Fano Hisnu,5 bintang,Petugasnya ramah - ramah dan sabar dalam melayani nasabah karena saya bersama nenek saya.,4 tahun lalu
Bank Jateng KCP Karangpandan,Iswandi yanto,5 bintang,Adakah nomer yang dapat dihubungi untuk konsultasi mengenai pinjaman,setahun lalu
Bank Jateng KCP Karangpandan,Nuruddien Muhammad,5 bintang,Satpam ramah,setahun lalu
Bank Jateng KCP Karangpandan,yuli astuti,5 bintang,"Pelayanan bagus, terima kasih bank jateng",setahun lalu
Bank Jateng KCP Karangpandan,Bagas anggara,5 bintang,"Mantap , nyaman",setahun lalu
Bank Jateng KCP Karangpandan,Tunggul Van,5 bintang,Nyaman mantap,setahun lalu
Bank Jateng KCP Karangpandan,Iin Intarti,5 bintang,Bagus....,setahun lalu
Bank Jateng KCP Karangpandan,Tita Septiana,5 bintang,"Bersih, nyaman, strategis",3 tahun lalu
Bank Jateng KCP Karangpandan,Gunung Harjanto,2 bintang,pernah nabung di bank jateng,8 tahun lalu
Bank Jateng KCP Karangpandan,KINz,5 bintang,Melayani dengan hati,setahun lalu
Bank Jateng KCP Karangpandan,eko sri,5 bintang,Pelayanannya bagus...👍 …,setahun lalu
Bank Jateng KCP Karangpandan,Eky Santi,5 bintang,"terima kasih atas reviewnya, kami senang dapat melayani bapak/ibu..

semoga kami dapat melayani bapak/ibu kembali, matur sembah nuwun",8 bulan lalu
Bank Jateng KCP Karangpandan,Dheny Rahardian,5 bintang,"terima kasih atas reviewnya, kami senang dapat melayani bapak/ibu",9 bulan lalu
Bank Jateng KCP Karangpandan,Boy_kam2 klaten,5 bintang,"terima kasih atas reviewnya, kami senang dapat melayani bapak/ibu 🙏🏻 …",10 bulan lalu
Bank Jateng KCP Karangpandan,Nurul Faizah,5 bintang,"terima kasih atas reviewnya, kami senang dapat melayani bapak/ibu",10 bulan lalu
Bank Jateng KCP Karangpandan,Ganang Patrio pintoko,5 bintang,"terima kasih atas reviewnya, kami senang dapat melayani bapak/ibu",10 bulan lalu
Bank Jateng KCP Karangpandan,Dewi Safitri,1 bintang,"terima kasih atas ulasan yang telah bapak/ibu berikan, mohon maaf apakah ada kendala yang bapak/ibu alami selama kunjungan di kantor kami? bisa diinfokan lebih detail agar kedepannya kami dapat memperbaiki kualitas pelayanan kami, matur sembah nuwun",11 bulan lalu
Bank Jateng KCP Karangpandan,starsea tawangmangu,4 bintang,"terima kasih atas reviewnya, kami senang dapat melayani bapak/ibu",setahun lalu
Bank Jateng KCP Karangpandan,ddk 17,5 bintang,"salam,
terima kasih, kami senang dapat melayani anda :)",setahun lalu
Bank Jateng KCP Karangpandan,Aku Pertama,5 bintang,terima kasih atas bintang 5 nya,setahun lalu
Bank Jateng KCP Karangpandan,suharni harni,5 bintang,terima kasih atas bintang 5 nya,setahun lalu
Bank Jateng KCP Karangpandan,Hartono Matesih,5 bintang,terima kasih atas bintang 5 nya,setahun lalu
Bank Jateng KCP Karangpandan,Monika Indah,5 bintang,ucapkan terima kasih 🙏🏻 …,setahun lalu
Bank Jateng KCP Karangpandan,Umi Tri Widyawati,5 bintang,"salam,

terima kasih atas bintang 5nya, kami senang dapat melayani ibu 🙏🏻 …",setahun lalu
Bank Jateng KCP Karangpandan,Niken Mulyani,5 bintang,Terima kasih atas 5 bintangnya 🙏🏻 …,setahun lalu
Bank Jateng KCP Karangpandan,ristini dwi,5 bintang,Terima kasih atas 5 bintangnya 🙏🏻 …,setahun lalu
Bank Jateng KCP Karangpandan,DeVita,5 bintang,🙏🏻 …,setahun lalu
Bank Jateng KCP Karangpandan,Yohanes Pandhu Indrarko,5 bintang,🙏🏻 …,setahun lalu
Bank Jateng KCP Karangpandan,arif bs,5 bintang,🙏🏻 …,2 tahun lalu
Bank Jateng KCP Karangpandan,Troyono123456@gmail.com Yono,3 bintang,🙏🏻 …,6 tahun lalu
Bank Jateng KCP Karangpandan,Hello Sidney,5 bintang,🙏🏻 …,6 tahun lalu
