"address","categories/0","categories/1","categoryName","cid","city","countryCode","fid","imageUrl","isAdvertisement","isLocalGuide","language","likesCount","location/lat","location/lng","name","neighborhood","originalLanguage","permanentlyClosed","placeId","postalCode","price","publishAt","publishedAtDate","rating","responseFromOwnerDate","responseFromOwnerText","reviewId","reviewImageUrls/0","reviewImageUrls/1","reviewOrigin","reviewUrl","reviewerId","reviewerNumberOfReviews","reviewerPhotoUrl","reviewerUrl","reviewsCount","scrapedAt","searchString","stars","state","street","temporarilyClosed","text","textTranslated","title","totalScore","translatedLanguage","url","visitedIn"
"Jl. Raya Nguter, RT.01/RW.02, Dusun Ngambil ambil, Nguter, Kec. Nguter, Kabupaten Sukoharjo, Jawa Tengah 57571, Indonesia","Bank","ATM","Bank","5042631561019446265","Kabupaten Sukoharjo","ID","0x2e7a3ae8fef115db:0x45fb06b00fbcd3f9","https://lh3.googleusercontent.com/p/AF1QipNeeuLnIpgMZUL7EI5cw9E8vOb4CCkEqtSjcVVw=w408-h306-k-no","false","true","id","0","-7.7357366","110.8725387","Soni Ardi","Dusun Ngambil ambil, Nguter, Kecamatan Nguter",,"false","ChIJ2xXx_ug6ei4R-dO8D7AG-0U","57571",,"2 bulan lalu","2025-02-26T04:43:40.074Z",,,,"ChdDSUhNMG9nS0VJQ0FnTURncGJxcHhRRRAB",,,"Google","https://www.google.com/maps/reviews/data=!4m8!14m7!1m6!2m5!1sChdDSUhNMG9nS0VJQ0FnTURncGJxcHhRRRAB!2m1!1s0x0:0x45fb06b00fbcd3f9!3m1!1s2@1:CIHM0ogKEICAgMDgpbqpxQE%7CCgsI_Lf6vQYQsJXbIw%7C?hl=id","118160563618457064136","14","https://lh3.googleusercontent.com/a/ACg8ocIbFD_VopNIgyp6Mx-qbvmFv87VIdVui9l8FfEliCCn2sBzgw=s1920-c-rp-mo-ba4-br100","https://www.google.com/maps/contrib/118160563618457064136?hl=id","31","2025-04-29T13:35:29.653Z","Direct Detail URL: https://www.google.com/maps/place/Bank+Jateng+Cabang+Pembantu+Nguter+Sukoharjo/@-7.6854661,110.8555202,13z/data=!4m16!1m9!3m8!1s0x2e7a3ae8fef115db:0x45fb06b00fbcd3f9!2sBank+Jateng+Cabang+Pembantu+Nguter+Sukoharjo!8m2!3d-7.7357366!4d110.8725387!9m1!1b1!16s%2Fg%2F1hm49bk0g!3m5!1s0x2e7a3ae8fef115db:0x45fb06b00fbcd3f9!8m2!3d-7.7357366!4d110.8725387!16s%2Fg%2F1hm49bk0g?entry=ttu&g_ep=EgoyMDI1MDQyMy4wIKXMDSoJLDEwMjExNDU1SAFQAw%3D%3D","5","Jawa Tengah","Jl. Raya Nguter, RT.01/RW.02","false",,,"Bank Jateng Cabang Pembantu Nguter Sukoharjo","4.4",,"https://www.google.com/maps/search/?api=1&query=Bank%20Jateng%20Cabang%20Pembantu%20Nguter%20Sukoharjo&query_place_id=ChIJ2xXx_ug6ei4R-dO8D7AG-0U",
"Jl. Raya Nguter, RT.01/RW.02, Dusun Ngambil ambil, Nguter, Kec. Nguter, Kabupaten Sukoharjo, Jawa Tengah 57571, Indonesia","Bank","ATM","Bank","5042631561019446265","Kabupaten Sukoharjo","ID","0x2e7a3ae8fef115db:0x45fb06b00fbcd3f9","https://lh3.googleusercontent.com/p/AF1QipNeeuLnIpgMZUL7EI5cw9E8vOb4CCkEqtSjcVVw=w408-h306-k-no","false","false","id","0","-7.7357366","110.8725387","Joko Mika","Dusun Ngambil ambil, Nguter, Kecamatan Nguter",,"false","ChIJ2xXx_ug6ei4R-dO8D7AG-0U","57571",,"3 bulan lalu","2025-01-14T01:30:31.150Z",,,,"ChZDSUhNMG9nS0VJQ0FnSUNfdktMUWJREAE",,,"Google","https://www.google.com/maps/reviews/data=!4m8!14m7!1m6!2m5!1sChZDSUhNMG9nS0VJQ0FnSUNfdktMUWJREAE!2m1!1s0x0:0x45fb06b00fbcd3f9!3m1!1s2@1:CIHM0ogKEICAgIC_vKLQbQ%7CCgsIt_yWvAYQqOPFRw%7C?hl=id","105606952561525460452","2","https://lh3.googleusercontent.com/a/ACg8ocL3vfPh0h3MMFfCAwfZKUVdKKgJpSaWG-FCnxOY76zBOwwEcA=s1920-c-rp-mo-br100","https://www.google.com/maps/contrib/105606952561525460452?hl=id","31","2025-04-29T13:35:29.653Z","Direct Detail URL: https://www.google.com/maps/place/Bank+Jateng+Cabang+Pembantu+Nguter+Sukoharjo/@-7.6854661,110.8555202,13z/data=!4m16!1m9!3m8!1s0x2e7a3ae8fef115db:0x45fb06b00fbcd3f9!2sBank+Jateng+Cabang+Pembantu+Nguter+Sukoharjo!8m2!3d-7.7357366!4d110.8725387!9m1!1b1!16s%2Fg%2F1hm49bk0g!3m5!1s0x2e7a3ae8fef115db:0x45fb06b00fbcd3f9!8m2!3d-7.7357366!4d110.8725387!16s%2Fg%2F1hm49bk0g?entry=ttu&g_ep=EgoyMDI1MDQyMy4wIKXMDSoJLDEwMjExNDU1SAFQAw%3D%3D","5","Jawa Tengah","Jl. Raya Nguter, RT.01/RW.02","false",,,"Bank Jateng Cabang Pembantu Nguter Sukoharjo","4.4",,"https://www.google.com/maps/search/?api=1&query=Bank%20Jateng%20Cabang%20Pembantu%20Nguter%20Sukoharjo&query_place_id=ChIJ2xXx_ug6ei4R-dO8D7AG-0U",
"Jl. Raya Nguter, RT.01/RW.02, Dusun Ngambil ambil, Nguter, Kec. Nguter, Kabupaten Sukoharjo, Jawa Tengah 57571, Indonesia","Bank","ATM","Bank","5042631561019446265","Kabupaten Sukoharjo","ID","0x2e7a3ae8fef115db:0x45fb06b00fbcd3f9","https://lh3.googleusercontent.com/p/AF1QipNeeuLnIpgMZUL7EI5cw9E8vOb4CCkEqtSjcVVw=w408-h306-k-no","false","false","id","0","-7.7357366","110.8725387","ayu rahayu","Dusun Ngambil ambil, Nguter, Kecamatan Nguter","id","false","ChIJ2xXx_ug6ei4R-dO8D7AG-0U","57571",,"9 bulan lalu","2024-07-17T04:49:06.513Z",,,,"ChdDSUhNMG9nS0VJQ0FnSURyaG9uVXJRRRAB",,,"Google","https://www.google.com/maps/reviews/data=!4m8!14m7!1m6!2m5!1sChdDSUhNMG9nS0VJQ0FnSURyaG9uVXJRRRAB!2m1!1s0x0:0x45fb06b00fbcd3f9!3m1!1s2@1:CIHM0ogKEICAgIDrhonUrQE%7CCgwIwprdtAYQ6LLX9AE%7C?hl=id","102031025619579165632","1","https://lh3.googleusercontent.com/a/ACg8ocKOjTG-wZJTJWcJyeeq8p4PSv9PO-aBzrfAkPJUsm_4Z6DBaA=s1920-c-rp-mo-br100","https://www.google.com/maps/contrib/102031025619579165632?hl=id","31","2025-04-29T13:35:29.653Z","Direct Detail URL: https://www.google.com/maps/place/Bank+Jateng+Cabang+Pembantu+Nguter+Sukoharjo/@-7.6854661,110.8555202,13z/data=!4m16!1m9!3m8!1s0x2e7a3ae8fef115db:0x45fb06b00fbcd3f9!2sBank+Jateng+Cabang+Pembantu+Nguter+Sukoharjo!8m2!3d-7.7357366!4d110.8725387!9m1!1b1!16s%2Fg%2F1hm49bk0g!3m5!1s0x2e7a3ae8fef115db:0x45fb06b00fbcd3f9!8m2!3d-7.7357366!4d110.8725387!16s%2Fg%2F1hm49bk0g?entry=ttu&g_ep=EgoyMDI1MDQyMy4wIKXMDSoJLDEwMjExNDU1SAFQAw%3D%3D","5","Jawa Tengah","Jl. Raya Nguter, RT.01/RW.02","false","Bagus pelayanan mantap",,"Bank Jateng Cabang Pembantu Nguter Sukoharjo","4.4",,"https://www.google.com/maps/search/?api=1&query=Bank%20Jateng%20Cabang%20Pembantu%20Nguter%20Sukoharjo&query_place_id=ChIJ2xXx_ug6ei4R-dO8D7AG-0U",
"Jl. Raya Nguter, RT.01/RW.02, Dusun Ngambil ambil, Nguter, Kec. Nguter, Kabupaten Sukoharjo, Jawa Tengah 57571, Indonesia","Bank","ATM","Bank","5042631561019446265","Kabupaten Sukoharjo","ID","0x2e7a3ae8fef115db:0x45fb06b00fbcd3f9","https://lh3.googleusercontent.com/p/AF1QipNeeuLnIpgMZUL7EI5cw9E8vOb4CCkEqtSjcVVw=w408-h306-k-no","false","false","id","0","-7.7357366","110.8725387","Budhe Kasmi","Dusun Ngambil ambil, Nguter, Kecamatan Nguter","id","false","ChIJ2xXx_ug6ei4R-dO8D7AG-0U","57571",,"9 bulan lalu","2024-07-17T04:48:14.464Z",,,,"ChdDSUhNMG9nS0VJQ0FnSURyaG9ISTFBRRAB",,,"Google","https://www.google.com/maps/reviews/data=!4m8!14m7!1m6!2m5!1sChdDSUhNMG9nS0VJQ0FnSURyaG9ISTFBRRAB!2m1!1s0x0:0x45fb06b00fbcd3f9!3m1!1s2@1:CIHM0ogKEICAgIDrhoHI1AE%7CCgwIjprdtAYQ-N7U3QE%7C?hl=id","114841867951662933511","1","https://lh3.googleusercontent.com/a/ACg8ocKoSbHVB7oSJ-kj11YozzNkiVtXEIAV4zRy2OOM13o5zc5_OA=s1920-c-rp-mo-br100","https://www.google.com/maps/contrib/114841867951662933511?hl=id","31","2025-04-29T13:35:29.653Z","Direct Detail URL: https://www.google.com/maps/place/Bank+Jateng+Cabang+Pembantu+Nguter+Sukoharjo/@-7.6854661,110.8555202,13z/data=!4m16!1m9!3m8!1s0x2e7a3ae8fef115db:0x45fb06b00fbcd3f9!2sBank+Jateng+Cabang+Pembantu+Nguter+Sukoharjo!8m2!3d-7.7357366!4d110.8725387!9m1!1b1!16s%2Fg%2F1hm49bk0g!3m5!1s0x2e7a3ae8fef115db:0x45fb06b00fbcd3f9!8m2!3d-7.7357366!4d110.8725387!16s%2Fg%2F1hm49bk0g?entry=ttu&g_ep=EgoyMDI1MDQyMy4wIKXMDSoJLDEwMjExNDU1SAFQAw%3D%3D","5","Jawa Tengah","Jl. Raya Nguter, RT.01/RW.02","false","Kantornya baru. Prosesnya cepat.karyawan ramah",,"Bank Jateng Cabang Pembantu Nguter Sukoharjo","4.4",,"https://www.google.com/maps/search/?api=1&query=Bank%20Jateng%20Cabang%20Pembantu%20Nguter%20Sukoharjo&query_place_id=ChIJ2xXx_ug6ei4R-dO8D7AG-0U",
"Jl. Raya Nguter, RT.01/RW.02, Dusun Ngambil ambil, Nguter, Kec. Nguter, Kabupaten Sukoharjo, Jawa Tengah 57571, Indonesia","Bank","ATM","Bank","5042631561019446265","Kabupaten Sukoharjo","ID","0x2e7a3ae8fef115db:0x45fb06b00fbcd3f9","https://lh3.googleusercontent.com/p/AF1QipNeeuLnIpgMZUL7EI5cw9E8vOb4CCkEqtSjcVVw=w408-h306-k-no","false","true","id","0","-7.7357366","110.8725387","bellafatma linasantoso","Dusun Ngambil ambil, Nguter, Kecamatan Nguter","id","false","ChIJ2xXx_ug6ei4R-dO8D7AG-0U","57571",,"11 bulan lalu","2024-05-27T01:56:02.360Z",,,,"ChZDSUhNMG9nS0VJQ0FnSURUX2RUbFlREAE","https://lh3.googleusercontent.com/geougc-cs/AIHozJJdhUm-o1COGrB7yskiyb-rrdZOdOoNmtH-cOvqLAKaRt87Cdh1Lv3-nIw8TnVFgNSeriYGj3AS7WOKLl3cxomyO-4zRWlV9p-2RNCZsWBLVqO2olL-0z_4H3W3Gd-xVd4YWu82lg",,"Google","https://www.google.com/maps/reviews/data=!4m8!14m7!1m6!2m5!1sChZDSUhNMG9nS0VJQ0FnSURUX2RUbFlREAE!2m1!1s0x0:0x45fb06b00fbcd3f9!3m1!1s2@1:CIHM0ogKEICAgIDT_dTlYQ%7CCgwIstDPsgYQiID9qwE%7C?hl=id","115156383788573916676","11","https://lh3.googleusercontent.com/a-/ALV-UjUO2k0qeZymRzoDdWZNMrCdK68WlO6P95qcXw8AIJa1_XAqow7i=s1920-c-rp-mo-ba2-br100","https://www.google.com/maps/contrib/115156383788573916676?hl=id","31","2025-04-29T13:35:29.653Z","Direct Detail URL: https://www.google.com/maps/place/Bank+Jateng+Cabang+Pembantu+Nguter+Sukoharjo/@-7.6854661,110.8555202,13z/data=!4m16!1m9!3m8!1s0x2e7a3ae8fef115db:0x45fb06b00fbcd3f9!2sBank+Jateng+Cabang+Pembantu+Nguter+Sukoharjo!8m2!3d-7.7357366!4d110.8725387!9m1!1b1!16s%2Fg%2F1hm49bk0g!3m5!1s0x2e7a3ae8fef115db:0x45fb06b00fbcd3f9!8m2!3d-7.7357366!4d110.8725387!16s%2Fg%2F1hm49bk0g?entry=ttu&g_ep=EgoyMDI1MDQyMy4wIKXMDSoJLDEwMjExNDU1SAFQAw%3D%3D","2","Jawa Tengah","Jl. Raya Nguter, RT.01/RW.02","false","Tellernya cuma 1 , sbnernya tdk terlalu ramai yaa tapi lamaaaaaaaaaaaa bgtt pelayanannnya🥲",,"Bank Jateng Cabang Pembantu Nguter Sukoharjo","4.4",,"https://www.google.com/maps/search/?api=1&query=Bank%20Jateng%20Cabang%20Pembantu%20Nguter%20Sukoharjo&query_place_id=ChIJ2xXx_ug6ei4R-dO8D7AG-0U",
"Jl. Raya Nguter, RT.01/RW.02, Dusun Ngambil ambil, Nguter, Kec. Nguter, Kabupaten Sukoharjo, Jawa Tengah 57571, Indonesia","Bank","ATM","Bank","5042631561019446265","Kabupaten Sukoharjo","ID","0x2e7a3ae8fef115db:0x45fb06b00fbcd3f9","https://lh3.googleusercontent.com/p/AF1QipNeeuLnIpgMZUL7EI5cw9E8vOb4CCkEqtSjcVVw=w408-h306-k-no","false","false","id","0","-7.7357366","110.8725387","Muchammad Idris","Dusun Ngambil ambil, Nguter, Kecamatan Nguter","id","false","ChIJ2xXx_ug6ei4R-dO8D7AG-0U","57571",,"setahun lalu","2024-04-04T06:00:57.454Z",,,,"ChdDSUhNMG9nS0VJQ0FnSUREd0xqQnVnRRAB",,,"Google","https://www.google.com/maps/reviews/data=!4m8!14m7!1m6!2m5!1sChdDSUhNMG9nS0VJQ0FnSUREd0xqQnVnRRAB!2m1!1s0x0:0x45fb06b00fbcd3f9!3m1!1s2@1:CIHM0ogKEICAgIDDwLjBugE%7CCgwImYS5sAYQ2IfM2AE%7C?hl=id","107134449356400431804","2","https://lh3.googleusercontent.com/a-/ALV-UjWy6kguEwZj8KoNOAozD8CtSN5YzPC6HTkF5aPIyAJG3q426msN=s1920-c-rp-mo-br100","https://www.google.com/maps/contrib/107134449356400431804?hl=id","31","2025-04-29T13:35:29.653Z","Direct Detail URL: https://www.google.com/maps/place/Bank+Jateng+Cabang+Pembantu+Nguter+Sukoharjo/@-7.6854661,110.8555202,13z/data=!4m16!1m9!3m8!1s0x2e7a3ae8fef115db:0x45fb06b00fbcd3f9!2sBank+Jateng+Cabang+Pembantu+Nguter+Sukoharjo!8m2!3d-7.7357366!4d110.8725387!9m1!1b1!16s%2Fg%2F1hm49bk0g!3m5!1s0x2e7a3ae8fef115db:0x45fb06b00fbcd3f9!8m2!3d-7.7357366!4d110.8725387!16s%2Fg%2F1hm49bk0g?entry=ttu&g_ep=EgoyMDI1MDQyMy4wIKXMDSoJLDEwMjExNDU1SAFQAw%3D%3D","5","Jawa Tengah","Jl. Raya Nguter, RT.01/RW.02","false","Kantor baru, parkir luas, cs dan teller baik dan memberikan informasi. Sering info kalau ada promo",,"Bank Jateng Cabang Pembantu Nguter Sukoharjo","4.4",,"https://www.google.com/maps/search/?api=1&query=Bank%20Jateng%20Cabang%20Pembantu%20Nguter%20Sukoharjo&query_place_id=ChIJ2xXx_ug6ei4R-dO8D7AG-0U",
"Jl. Raya Nguter, RT.01/RW.02, Dusun Ngambil ambil, Nguter, Kec. Nguter, Kabupaten Sukoharjo, Jawa Tengah 57571, Indonesia","Bank","ATM","Bank","5042631561019446265","Kabupaten Sukoharjo","ID","0x2e7a3ae8fef115db:0x45fb06b00fbcd3f9","https://lh3.googleusercontent.com/p/AF1QipNeeuLnIpgMZUL7EI5cw9E8vOb4CCkEqtSjcVVw=w408-h306-k-no","false","false","id","0","-7.7357366","110.8725387","Hartini Tini","Dusun Ngambil ambil, Nguter, Kecamatan Nguter","id","false","ChIJ2xXx_ug6ei4R-dO8D7AG-0U","57571",,"setahun lalu","2024-04-04T05:18:57.190Z",,,,"ChZDSUhNMG9nS0VJQ0FnSUREZ0xQaUxnEAE",,,"Google","https://www.google.com/maps/reviews/data=!4m8!14m7!1m6!2m5!1sChZDSUhNMG9nS0VJQ0FnSUREZ0xQaUxnEAE!2m1!1s0x0:0x45fb06b00fbcd3f9!3m1!1s2@1:CIHM0ogKEICAgIDDgLPiLg%7CCgsIwfC4sAYQ6LfZWg%7C?hl=id","103832417750572145737","1","https://lh3.googleusercontent.com/a/ACg8ocJOAX1VuP00tnMb1q03M5Sqm7kA-NPnTuDhJVe_wfI1s2sAEg=s1920-c-rp-mo-br100","https://www.google.com/maps/contrib/103832417750572145737?hl=id","31","2025-04-29T13:35:29.653Z","Direct Detail URL: https://www.google.com/maps/place/Bank+Jateng+Cabang+Pembantu+Nguter+Sukoharjo/@-7.6854661,110.8555202,13z/data=!4m16!1m9!3m8!1s0x2e7a3ae8fef115db:0x45fb06b00fbcd3f9!2sBank+Jateng+Cabang+Pembantu+Nguter+Sukoharjo!8m2!3d-7.7357366!4d110.8725387!9m1!1b1!16s%2Fg%2F1hm49bk0g!3m5!1s0x2e7a3ae8fef115db:0x45fb06b00fbcd3f9!8m2!3d-7.7357366!4d110.8725387!16s%2Fg%2F1hm49bk0g?entry=ttu&g_ep=EgoyMDI1MDQyMy4wIKXMDSoJLDEwMjExNDU1SAFQAw%3D%3D","5","Jawa Tengah","Jl. Raya Nguter, RT.01/RW.02","false","Kantor baru. Parkir luas .pelayanan baik",,"Bank Jateng Cabang Pembantu Nguter Sukoharjo","4.4",,"https://www.google.com/maps/search/?api=1&query=Bank%20Jateng%20Cabang%20Pembantu%20Nguter%20Sukoharjo&query_place_id=ChIJ2xXx_ug6ei4R-dO8D7AG-0U",
"Jl. Raya Nguter, RT.01/RW.02, Dusun Ngambil ambil, Nguter, Kec. Nguter, Kabupaten Sukoharjo, Jawa Tengah 57571, Indonesia","Bank","ATM","Bank","5042631561019446265","Kabupaten Sukoharjo","ID","0x2e7a3ae8fef115db:0x45fb06b00fbcd3f9","https://lh3.googleusercontent.com/p/AF1QipNeeuLnIpgMZUL7EI5cw9E8vOb4CCkEqtSjcVVw=w408-h306-k-no","false","false","id","0","-7.7357366","110.8725387","sutrisno thebrother","Dusun Ngambil ambil, Nguter, Kecamatan Nguter","id","false","ChIJ2xXx_ug6ei4R-dO8D7AG-0U","57571",,"setahun lalu","2024-04-03T03:59:09.542Z",,,,"ChZDSUhNMG9nS0VJQ0FnSUNEdDlYOWRREAE",,,"Google","https://www.google.com/maps/reviews/data=!4m8!14m7!1m6!2m5!1sChZDSUhNMG9nS0VJQ0FnSUNEdDlYOWRREAE!2m1!1s0x0:0x45fb06b00fbcd3f9!3m1!1s2@1:CIHM0ogKEICAgICDt9X9dQ%7CCgwIjaizsAYQ-PbaggI%7C?hl=id","102687794035221709336","1","https://lh3.googleusercontent.com/a-/ALV-UjXez8TmrTBz4idUhCK1MxSZUPkyoIEsV1kXQoFeH22uxZDQLCc=s1920-c-rp-mo-br100","https://www.google.com/maps/contrib/102687794035221709336?hl=id","31","2025-04-29T13:35:29.653Z","Direct Detail URL: https://www.google.com/maps/place/Bank+Jateng+Cabang+Pembantu+Nguter+Sukoharjo/@-7.6854661,110.8555202,13z/data=!4m16!1m9!3m8!1s0x2e7a3ae8fef115db:0x45fb06b00fbcd3f9!2sBank+Jateng+Cabang+Pembantu+Nguter+Sukoharjo!8m2!3d-7.7357366!4d110.8725387!9m1!1b1!16s%2Fg%2F1hm49bk0g!3m5!1s0x2e7a3ae8fef115db:0x45fb06b00fbcd3f9!8m2!3d-7.7357366!4d110.8725387!16s%2Fg%2F1hm49bk0g?entry=ttu&g_ep=EgoyMDI1MDQyMy4wIKXMDSoJLDEwMjExNDU1SAFQAw%3D%3D","5","Jawa Tengah","Jl. Raya Nguter, RT.01/RW.02","false","Kantor pelayanan cepat sipp",,"Bank Jateng Cabang Pembantu Nguter Sukoharjo","4.4",,"https://www.google.com/maps/search/?api=1&query=Bank%20Jateng%20Cabang%20Pembantu%20Nguter%20Sukoharjo&query_place_id=ChIJ2xXx_ug6ei4R-dO8D7AG-0U",
"Jl. Raya Nguter, RT.01/RW.02, Dusun Ngambil ambil, Nguter, Kec. Nguter, Kabupaten Sukoharjo, Jawa Tengah 57571, Indonesia","Bank","ATM","Bank","5042631561019446265","Kabupaten Sukoharjo","ID","0x2e7a3ae8fef115db:0x45fb06b00fbcd3f9","https://lh3.googleusercontent.com/p/AF1QipNeeuLnIpgMZUL7EI5cw9E8vOb4CCkEqtSjcVVw=w408-h306-k-no","false","false","id","0","-7.7357366","110.8725387","Diah Puspita","Dusun Ngambil ambil, Nguter, Kecamatan Nguter",,"false","ChIJ2xXx_ug6ei4R-dO8D7AG-0U","57571",,"setahun lalu","2024-04-03T03:13:08.496Z",,,,"ChZDSUhNMG9nS0VJQ0FnSUNEdDZhX1dnEAE",,,"Google","https://www.google.com/maps/reviews/data=!4m8!14m7!1m6!2m5!1sChZDSUhNMG9nS0VJQ0FnSUNEdDZhX1dnEAE!2m1!1s0x0:0x45fb06b00fbcd3f9!3m1!1s2@1:CIHM0ogKEICAgICDt6a_Wg%7CCgwIxJKzsAYQ-P3w7AE%7C?hl=id","103841263340925606197","1","https://lh3.googleusercontent.com/a/ACg8ocIoQP5IIO2cdtfaarTAGnHBhyRUbV1pG73C49-5P-C4xsf-mQ=s1920-c-rp-mo-br100","https://www.google.com/maps/contrib/103841263340925606197?hl=id","31","2025-04-29T13:35:29.653Z","Direct Detail URL: https://www.google.com/maps/place/Bank+Jateng+Cabang+Pembantu+Nguter+Sukoharjo/@-7.6854661,110.8555202,13z/data=!4m16!1m9!3m8!1s0x2e7a3ae8fef115db:0x45fb06b00fbcd3f9!2sBank+Jateng+Cabang+Pembantu+Nguter+Sukoharjo!8m2!3d-7.7357366!4d110.8725387!9m1!1b1!16s%2Fg%2F1hm49bk0g!3m5!1s0x2e7a3ae8fef115db:0x45fb06b00fbcd3f9!8m2!3d-7.7357366!4d110.8725387!16s%2Fg%2F1hm49bk0g?entry=ttu&g_ep=EgoyMDI1MDQyMy4wIKXMDSoJLDEwMjExNDU1SAFQAw%3D%3D","5","Jawa Tengah","Jl. Raya Nguter, RT.01/RW.02","false",,,"Bank Jateng Cabang Pembantu Nguter Sukoharjo","4.4",,"https://www.google.com/maps/search/?api=1&query=Bank%20Jateng%20Cabang%20Pembantu%20Nguter%20Sukoharjo&query_place_id=ChIJ2xXx_ug6ei4R-dO8D7AG-0U",
"Jl. Raya Nguter, RT.01/RW.02, Dusun Ngambil ambil, Nguter, Kec. Nguter, Kabupaten Sukoharjo, Jawa Tengah 57571, Indonesia","Bank","ATM","Bank","5042631561019446265","Kabupaten Sukoharjo","ID","0x2e7a3ae8fef115db:0x45fb06b00fbcd3f9","https://lh3.googleusercontent.com/p/AF1QipNeeuLnIpgMZUL7EI5cw9E8vOb4CCkEqtSjcVVw=w408-h306-k-no","false","false","id","0","-7.7357366","110.8725387","Padmiyati","Dusun Ngambil ambil, Nguter, Kecamatan Nguter","id","false","ChIJ2xXx_ug6ei4R-dO8D7AG-0U","57571",,"setahun lalu","2024-04-03T03:11:22.772Z",,,,"ChZDSUhNMG9nS0VJQ0FnSUNEdDhhcmN3EAE",,,"Google","https://www.google.com/maps/reviews/data=!4m8!14m7!1m6!2m5!1sChZDSUhNMG9nS0VJQ0FnSUNEdDhhcmN3EAE!2m1!1s0x0:0x45fb06b00fbcd3f9!3m1!1s2@1:CIHM0ogKEICAgICDt8arcw%7CCgwI2pGzsAYQsLSo8AI%7C?hl=id","102775562561236846179","4","https://lh3.googleusercontent.com/a/ACg8ocKC1FW7l7U21IRsZgGQ1qyHCS92A4U3qYbkwm6pFWNEd93JsQ=s1920-c-rp-mo-br100","https://www.google.com/maps/contrib/102775562561236846179?hl=id","31","2025-04-29T13:35:29.653Z","Direct Detail URL: https://www.google.com/maps/place/Bank+Jateng+Cabang+Pembantu+Nguter+Sukoharjo/@-7.6854661,110.8555202,13z/data=!4m16!1m9!3m8!1s0x2e7a3ae8fef115db:0x45fb06b00fbcd3f9!2sBank+Jateng+Cabang+Pembantu+Nguter+Sukoharjo!8m2!3d-7.7357366!4d110.8725387!9m1!1b1!16s%2Fg%2F1hm49bk0g!3m5!1s0x2e7a3ae8fef115db:0x45fb06b00fbcd3f9!8m2!3d-7.7357366!4d110.8725387!16s%2Fg%2F1hm49bk0g?entry=ttu&g_ep=EgoyMDI1MDQyMy4wIKXMDSoJLDEwMjExNDU1SAFQAw%3D%3D","5","Jawa Tengah","Jl. Raya Nguter, RT.01/RW.02","false","Kantor baru parkir luas, ac juga dingin, pelayanan bagus",,"Bank Jateng Cabang Pembantu Nguter Sukoharjo","4.4",,"https://www.google.com/maps/search/?api=1&query=Bank%20Jateng%20Cabang%20Pembantu%20Nguter%20Sukoharjo&query_place_id=ChIJ2xXx_ug6ei4R-dO8D7AG-0U",
"Jl. Raya Nguter, RT.01/RW.02, Dusun Ngambil ambil, Nguter, Kec. Nguter, Kabupaten Sukoharjo, Jawa Tengah 57571, Indonesia","Bank","ATM","Bank","5042631561019446265","Kabupaten Sukoharjo","ID","0x2e7a3ae8fef115db:0x45fb06b00fbcd3f9","https://lh3.googleusercontent.com/p/AF1QipNeeuLnIpgMZUL7EI5cw9E8vOb4CCkEqtSjcVVw=w408-h306-k-no","false","false","id","0","-7.7357366","110.8725387","Rico Sandos","Dusun Ngambil ambil, Nguter, Kecamatan Nguter","id","false","ChIJ2xXx_ug6ei4R-dO8D7AG-0U","57571",,"setahun lalu","2024-04-02T06:54:31.927Z",,,,"ChdDSUhNMG9nS0VJQ0FnSUNEdTUzcjhnRRAB",,,"Google","https://www.google.com/maps/reviews/data=!4m8!14m7!1m6!2m5!1sChdDSUhNMG9nS0VJQ0FnSUNEdTUzcjhnRRAB!2m1!1s0x0:0x45fb06b00fbcd3f9!3m1!1s2@1:CIHM0ogKEICAgICDu53r8gE%7CCgwIp9eusAYQ4ISlugM%7C?hl=id","104358737100734207352","2","https://lh3.googleusercontent.com/a/ACg8ocJU3BssmgGk7VIm9_S9_LIPg-lwg627ykJ_wn2Wqg463sy0VQ=s1920-c-rp-mo-br100","https://www.google.com/maps/contrib/104358737100734207352?hl=id","31","2025-04-29T13:35:29.653Z","Direct Detail URL: https://www.google.com/maps/place/Bank+Jateng+Cabang+Pembantu+Nguter+Sukoharjo/@-7.6854661,110.8555202,13z/data=!4m16!1m9!3m8!1s0x2e7a3ae8fef115db:0x45fb06b00fbcd3f9!2sBank+Jateng+Cabang+Pembantu+Nguter+Sukoharjo!8m2!3d-7.7357366!4d110.8725387!9m1!1b1!16s%2Fg%2F1hm49bk0g!3m5!1s0x2e7a3ae8fef115db:0x45fb06b00fbcd3f9!8m2!3d-7.7357366!4d110.8725387!16s%2Fg%2F1hm49bk0g?entry=ttu&g_ep=EgoyMDI1MDQyMy4wIKXMDSoJLDEwMjExNDU1SAFQAw%3D%3D","5","Jawa Tengah","Jl. Raya Nguter, RT.01/RW.02","false","Tempatny baru, luas dan bersih ✅
Pelayanan top semua ✅
CS nya (mba Niki) ramah baik ✅",,"Bank Jateng Cabang Pembantu Nguter Sukoharjo","4.4",,"https://www.google.com/maps/search/?api=1&query=Bank%20Jateng%20Cabang%20Pembantu%20Nguter%20Sukoharjo&query_place_id=ChIJ2xXx_ug6ei4R-dO8D7AG-0U",
"Jl. Raya Nguter, RT.01/RW.02, Dusun Ngambil ambil, Nguter, Kec. Nguter, Kabupaten Sukoharjo, Jawa Tengah 57571, Indonesia","Bank","ATM","Bank","5042631561019446265","Kabupaten Sukoharjo","ID","0x2e7a3ae8fef115db:0x45fb06b00fbcd3f9","https://lh3.googleusercontent.com/p/AF1QipNeeuLnIpgMZUL7EI5cw9E8vOb4CCkEqtSjcVVw=w408-h306-k-no","false","false","id","0","-7.7357366","110.8725387","rini rahmawati","Dusun Ngambil ambil, Nguter, Kecamatan Nguter","id","false","ChIJ2xXx_ug6ei4R-dO8D7AG-0U","57571",,"setahun lalu","2024-04-02T06:48:35.415Z",,,,"ChZDSUhNMG9nS0VJQ0FnSUNEdTgzS2F3EAE",,,"Google","https://www.google.com/maps/reviews/data=!4m8!14m7!1m6!2m5!1sChZDSUhNMG9nS0VJQ0FnSUNEdTgzS2F3EAE!2m1!1s0x0:0x45fb06b00fbcd3f9!3m1!1s2@1:CIHM0ogKEICAgICDu83Kaw%7CCgwIw9SusAYQwLihxgE%7C?hl=id","101878686925961738605","2","https://lh3.googleusercontent.com/a/ACg8ocJsIVbd9rN0qJvrWHgboYeGWT8RnU8_tiv0OICe29XngeiqWQ=s1920-c-rp-mo-br100","https://www.google.com/maps/contrib/101878686925961738605?hl=id","31","2025-04-29T13:35:29.653Z","Direct Detail URL: https://www.google.com/maps/place/Bank+Jateng+Cabang+Pembantu+Nguter+Sukoharjo/@-7.6854661,110.8555202,13z/data=!4m16!1m9!3m8!1s0x2e7a3ae8fef115db:0x45fb06b00fbcd3f9!2sBank+Jateng+Cabang+Pembantu+Nguter+Sukoharjo!8m2!3d-7.7357366!4d110.8725387!9m1!1b1!16s%2Fg%2F1hm49bk0g!3m5!1s0x2e7a3ae8fef115db:0x45fb06b00fbcd3f9!8m2!3d-7.7357366!4d110.8725387!16s%2Fg%2F1hm49bk0g?entry=ttu&g_ep=EgoyMDI1MDQyMy4wIKXMDSoJLDEwMjExNDU1SAFQAw%3D%3D","5","Jawa Tengah","Jl. Raya Nguter, RT.01/RW.02","false","Gedung baru, parkir luas, pelayanan memuaskan, tempatnya nyaman",,"Bank Jateng Cabang Pembantu Nguter Sukoharjo","4.4",,"https://www.google.com/maps/search/?api=1&query=Bank%20Jateng%20Cabang%20Pembantu%20Nguter%20Sukoharjo&query_place_id=ChIJ2xXx_ug6ei4R-dO8D7AG-0U",
"Jl. Raya Nguter, RT.01/RW.02, Dusun Ngambil ambil, Nguter, Kec. Nguter, Kabupaten Sukoharjo, Jawa Tengah 57571, Indonesia","Bank","ATM","Bank","5042631561019446265","Kabupaten Sukoharjo","ID","0x2e7a3ae8fef115db:0x45fb06b00fbcd3f9","https://lh3.googleusercontent.com/p/AF1QipNeeuLnIpgMZUL7EI5cw9E8vOb4CCkEqtSjcVVw=w408-h306-k-no","false","false","id","0","-7.7357366","110.8725387","yuli anto","Dusun Ngambil ambil, Nguter, Kecamatan Nguter","id","false","ChIJ2xXx_ug6ei4R-dO8D7AG-0U","57571",,"setahun lalu","2024-04-02T05:19:39.333Z",,,,"ChdDSUhNMG9nS0VJQ0FnSUNEdTZyaXFBRRAB",,,"Google","https://www.google.com/maps/reviews/data=!4m8!14m7!1m6!2m5!1sChdDSUhNMG9nS0VJQ0FnSUNEdTZyaXFBRRAB!2m1!1s0x0:0x45fb06b00fbcd3f9!3m1!1s2@1:CIHM0ogKEICAgICDu6riqAE%7CCgwI66qusAYQ8Pz9ngE%7C?hl=id","107421869124478562078","1","https://lh3.googleusercontent.com/a/ACg8ocIuKLhIFNKiLcpYC2BBgCsBM8XPjC_TzZhq0k3h8BCnXN5ggA=s1920-c-rp-mo-br100","https://www.google.com/maps/contrib/107421869124478562078?hl=id","31","2025-04-29T13:35:29.653Z","Direct Detail URL: https://www.google.com/maps/place/Bank+Jateng+Cabang+Pembantu+Nguter+Sukoharjo/@-7.6854661,110.8555202,13z/data=!4m16!1m9!3m8!1s0x2e7a3ae8fef115db:0x45fb06b00fbcd3f9!2sBank+Jateng+Cabang+Pembantu+Nguter+Sukoharjo!8m2!3d-7.7357366!4d110.8725387!9m1!1b1!16s%2Fg%2F1hm49bk0g!3m5!1s0x2e7a3ae8fef115db:0x45fb06b00fbcd3f9!8m2!3d-7.7357366!4d110.8725387!16s%2Fg%2F1hm49bk0g?entry=ttu&g_ep=EgoyMDI1MDQyMy4wIKXMDSoJLDEwMjExNDU1SAFQAw%3D%3D","5","Jawa Tengah","Jl. Raya Nguter, RT.01/RW.02","false","Kantor baru bersih.ac dingin.parkir luas. CS mba niki memberikan informasi bank banyak sangat membantu. Karyawan lain juga kenal baik & ramah",,"Bank Jateng Cabang Pembantu Nguter Sukoharjo","4.4",,"https://www.google.com/maps/search/?api=1&query=Bank%20Jateng%20Cabang%20Pembantu%20Nguter%20Sukoharjo&query_place_id=ChIJ2xXx_ug6ei4R-dO8D7AG-0U",
"Jl. Raya Nguter, RT.01/RW.02, Dusun Ngambil ambil, Nguter, Kec. Nguter, Kabupaten Sukoharjo, Jawa Tengah 57571, Indonesia","Bank","ATM","Bank","5042631561019446265","Kabupaten Sukoharjo","ID","0x2e7a3ae8fef115db:0x45fb06b00fbcd3f9","https://lh3.googleusercontent.com/p/AF1QipNeeuLnIpgMZUL7EI5cw9E8vOb4CCkEqtSjcVVw=w408-h306-k-no","false","false","id","0","-7.7357366","110.8725387","endri lestari","Dusun Ngambil ambil, Nguter, Kecamatan Nguter","id","false","ChIJ2xXx_ug6ei4R-dO8D7AG-0U","57571",,"setahun lalu","2024-04-01T09:48:30.636Z",,,,"ChdDSUhNMG9nS0VJQ0FnSUNEMDZfVm5nRRAB",,,"Google","https://www.google.com/maps/reviews/data=!4m8!14m7!1m6!2m5!1sChdDSUhNMG9nS0VJQ0FnSUNEMDZfVm5nRRAB!2m1!1s0x0:0x45fb06b00fbcd3f9!3m1!1s2@1:CIHM0ogKEICAgICD06_VngE%7CCgwI7oWqsAYQ6KLSrwI%7C?hl=id","102225006432187748239","2","https://lh3.googleusercontent.com/a/ACg8ocLFlQO0S_5sRfBVDWUbJUq2E7AVCjfvI83XrO8AZQqWXej68Q=s1920-c-rp-mo-br100","https://www.google.com/maps/contrib/102225006432187748239?hl=id","31","2025-04-29T13:35:29.653Z","Direct Detail URL: https://www.google.com/maps/place/Bank+Jateng+Cabang+Pembantu+Nguter+Sukoharjo/@-7.6854661,110.8555202,13z/data=!4m16!1m9!3m8!1s0x2e7a3ae8fef115db:0x45fb06b00fbcd3f9!2sBank+Jateng+Cabang+Pembantu+Nguter+Sukoharjo!8m2!3d-7.7357366!4d110.8725387!9m1!1b1!16s%2Fg%2F1hm49bk0g!3m5!1s0x2e7a3ae8fef115db:0x45fb06b00fbcd3f9!8m2!3d-7.7357366!4d110.8725387!16s%2Fg%2F1hm49bk0g?entry=ttu&g_ep=EgoyMDI1MDQyMy4wIKXMDSoJLDEwMjExNDU1SAFQAw%3D%3D","5","Jawa Tengah","Jl. Raya Nguter, RT.01/RW.02","false","Kantornya baru bagus, nyaman. Teller dan cs cantik. Memberikan informasi banyak tentang produk jadi tertarik",,"Bank Jateng Cabang Pembantu Nguter Sukoharjo","4.4",,"https://www.google.com/maps/search/?api=1&query=Bank%20Jateng%20Cabang%20Pembantu%20Nguter%20Sukoharjo&query_place_id=ChIJ2xXx_ug6ei4R-dO8D7AG-0U",
"Jl. Raya Nguter, RT.01/RW.02, Dusun Ngambil ambil, Nguter, Kec. Nguter, Kabupaten Sukoharjo, Jawa Tengah 57571, Indonesia","Bank","ATM","Bank","5042631561019446265","Kabupaten Sukoharjo","ID","0x2e7a3ae8fef115db:0x45fb06b00fbcd3f9","https://lh3.googleusercontent.com/p/AF1QipNeeuLnIpgMZUL7EI5cw9E8vOb4CCkEqtSjcVVw=w408-h306-k-no","false","false","id","0","-7.7357366","110.8725387","Grace Tabita Ayu Pramesti","Dusun Ngambil ambil, Nguter, Kecamatan Nguter","id","false","ChIJ2xXx_ug6ei4R-dO8D7AG-0U","57571",,"setahun lalu","2024-04-01T09:36:05.008Z",,,,"ChZDSUhNMG9nS0VJQ0FnSUNEMDV2dkNnEAE","https://lh3.googleusercontent.com/geougc-cs/AIHozJLMVCoh6W5NrRNvhRRghtwVx2nO4X0pPrvi2X1QBZ5OZfD6JT7EeBK_SThFkKrAnvnp6_cg28WK4On-OZOUe7wA_Ue7ijKx-TbNWOcmA4ZMgAw5auECsCNL0D4WOEZVwyVR3aOBLg",,"Google","https://www.google.com/maps/reviews/data=!4m8!14m7!1m6!2m5!1sChZDSUhNMG9nS0VJQ0FnSUNEMDV2dkNnEAE!2m1!1s0x0:0x45fb06b00fbcd3f9!3m1!1s2@1:CIHM0ogKEICAgICD05vvCg%7CCgsIhYCqsAYQsOH4Aw%7C?hl=id","114324344221777462451","2","https://lh3.googleusercontent.com/a/ACg8ocJUd98_oKIl39IfeS1x6YXC3MnY4VcapZ3P1qdQ-pTw_FTUfww=s1920-c-rp-mo-br100","https://www.google.com/maps/contrib/114324344221777462451?hl=id","31","2025-04-29T13:35:29.653Z","Direct Detail URL: https://www.google.com/maps/place/Bank+Jateng+Cabang+Pembantu+Nguter+Sukoharjo/@-7.6854661,110.8555202,13z/data=!4m16!1m9!3m8!1s0x2e7a3ae8fef115db:0x45fb06b00fbcd3f9!2sBank+Jateng+Cabang+Pembantu+Nguter+Sukoharjo!8m2!3d-7.7357366!4d110.8725387!9m1!1b1!16s%2Fg%2F1hm49bk0g!3m5!1s0x2e7a3ae8fef115db:0x45fb06b00fbcd3f9!8m2!3d-7.7357366!4d110.8725387!16s%2Fg%2F1hm49bk0g?entry=ttu&g_ep=EgoyMDI1MDQyMy4wIKXMDSoJLDEwMjExNDU1SAFQAw%3D%3D","5","Jawa Tengah","Jl. Raya Nguter, RT.01/RW.02","false","Dilayani sangat ramah dan informatif mbak mbak nya enak banget diajak ngobrol…",,"Bank Jateng Cabang Pembantu Nguter Sukoharjo","4.4",,"https://www.google.com/maps/search/?api=1&query=Bank%20Jateng%20Cabang%20Pembantu%20Nguter%20Sukoharjo&query_place_id=ChIJ2xXx_ug6ei4R-dO8D7AG-0U",
"Jl. Raya Nguter, RT.01/RW.02, Dusun Ngambil ambil, Nguter, Kec. Nguter, Kabupaten Sukoharjo, Jawa Tengah 57571, Indonesia","Bank","ATM","Bank","5042631561019446265","Kabupaten Sukoharjo","ID","0x2e7a3ae8fef115db:0x45fb06b00fbcd3f9","https://lh3.googleusercontent.com/p/AF1QipNeeuLnIpgMZUL7EI5cw9E8vOb4CCkEqtSjcVVw=w408-h306-k-no","false","true","id","0","-7.7357366","110.8725387","rinda setia","Dusun Ngambil ambil, Nguter, Kecamatan Nguter","id","false","ChIJ2xXx_ug6ei4R-dO8D7AG-0U","57571",,"setahun lalu","2024-03-22T07:00:55.086Z",,,,"ChZDSUhNMG9nS0VJQ0FnSUQ5dDR5TFRnEAE","https://lh3.googleusercontent.com/geougc-cs/AIHozJIxHz6qivnzQyGKjsoJZ4j_p7mg9t-0lFCfWkcc_y6NcZqFElAxDYu1XY7BEb6mOUmDrWYdnrWlOEtHlmqXPQHhaK93HMu5czdAW5g_ozEirFP_cNjC7taTfvdghQNf9IOxRAgB",,"Google","https://www.google.com/maps/reviews/data=!4m8!14m7!1m6!2m5!1sChZDSUhNMG9nS0VJQ0FnSUQ5dDR5TFRnEAE!2m1!1s0x0:0x45fb06b00fbcd3f9!3m1!1s2@1:CIHM0ogKEICAgID9t4yLTg%7CCgsIp9n0rwYQkNynKQ%7C?hl=id","104637286464064499880","55","https://lh3.googleusercontent.com/a-/ALV-UjW5Dh2SI1zuNsb98i70TXG2FDMfGyrRCMqe6B4PQqFiVOfI-VOm=s1920-c-rp-mo-ba4-br100","https://www.google.com/maps/contrib/104637286464064499880?hl=id","31","2025-04-29T13:35:29.653Z","Direct Detail URL: https://www.google.com/maps/place/Bank+Jateng+Cabang+Pembantu+Nguter+Sukoharjo/@-7.6854661,110.8555202,13z/data=!4m16!1m9!3m8!1s0x2e7a3ae8fef115db:0x45fb06b00fbcd3f9!2sBank+Jateng+Cabang+Pembantu+Nguter+Sukoharjo!8m2!3d-7.7357366!4d110.8725387!9m1!1b1!16s%2Fg%2F1hm49bk0g!3m5!1s0x2e7a3ae8fef115db:0x45fb06b00fbcd3f9!8m2!3d-7.7357366!4d110.8725387!16s%2Fg%2F1hm49bk0g?entry=ttu&g_ep=EgoyMDI1MDQyMy4wIKXMDSoJLDEwMjExNDU1SAFQAw%3D%3D","1","Jawa Tengah","Jl. Raya Nguter, RT.01/RW.02","false","Pelayanan sangat lambat .. Sudah beberapa kali terpaksa pulang karena menunggu lama. Hari ini Tidak ada antrian tp hampir 1 jam baru dilayani. Itu pun tidak ada hasil. Mohon maaf saya beri bintang 1 karena beberapa X dpt  pengalaman buruk dlm pelayanan",,"Bank Jateng Cabang Pembantu Nguter Sukoharjo","4.4",,"https://www.google.com/maps/search/?api=1&query=Bank%20Jateng%20Cabang%20Pembantu%20Nguter%20Sukoharjo&query_place_id=ChIJ2xXx_ug6ei4R-dO8D7AG-0U",
"Jl. Raya Nguter, RT.01/RW.02, Dusun Ngambil ambil, Nguter, Kec. Nguter, Kabupaten Sukoharjo, Jawa Tengah 57571, Indonesia","Bank","ATM","Bank","5042631561019446265","Kabupaten Sukoharjo","ID","0x2e7a3ae8fef115db:0x45fb06b00fbcd3f9","https://lh3.googleusercontent.com/p/AF1QipNeeuLnIpgMZUL7EI5cw9E8vOb4CCkEqtSjcVVw=w408-h306-k-no","false","false","id","0","-7.7357366","110.8725387","Coconut","Dusun Ngambil ambil, Nguter, Kecamatan Nguter","id","false","ChIJ2xXx_ug6ei4R-dO8D7AG-0U","57571",,"setahun lalu","2024-03-13T23:36:19.472Z",,,,"ChdDSUhNMG9nS0VJQ0FnSUQ5akkyUzlnRRAB",,,"Google","https://www.google.com/maps/reviews/data=!4m8!14m7!1m6!2m5!1sChdDSUhNMG9nS0VJQ0FnSUQ5akkyUzlnRRAB!2m1!1s0x0:0x45fb06b00fbcd3f9!3m1!1s2@1:CIHM0ogKEICAgID9jI2S9gE%7CCgwI8_DIrwYQ0Jaf4QE%7C?hl=id","118152583221143775992","7","https://lh3.googleusercontent.com/a/ACg8ocIA-rrb_NJ3paDjsJag3tlOLFhGJu5W7ddQiGQ4bQgShWDbGA=s1920-c-rp-mo-br100","https://www.google.com/maps/contrib/118152583221143775992?hl=id","31","2025-04-29T13:35:29.653Z","Direct Detail URL: https://www.google.com/maps/place/Bank+Jateng+Cabang+Pembantu+Nguter+Sukoharjo/@-7.6854661,110.8555202,13z/data=!4m16!1m9!3m8!1s0x2e7a3ae8fef115db:0x45fb06b00fbcd3f9!2sBank+Jateng+Cabang+Pembantu+Nguter+Sukoharjo!8m2!3d-7.7357366!4d110.8725387!9m1!1b1!16s%2Fg%2F1hm49bk0g!3m5!1s0x2e7a3ae8fef115db:0x45fb06b00fbcd3f9!8m2!3d-7.7357366!4d110.8725387!16s%2Fg%2F1hm49bk0g?entry=ttu&g_ep=EgoyMDI1MDQyMy4wIKXMDSoJLDEwMjExNDU1SAFQAw%3D%3D","1","Jawa Tengah","Jl. Raya Nguter, RT.01/RW.02","false","Proses perkreditan lbh berbelit dari pd bank jateng lain. Kalo ingin maju perlu dirombak total formasi pegawai nya",,"Bank Jateng Cabang Pembantu Nguter Sukoharjo","4.4",,"https://www.google.com/maps/search/?api=1&query=Bank%20Jateng%20Cabang%20Pembantu%20Nguter%20Sukoharjo&query_place_id=ChIJ2xXx_ug6ei4R-dO8D7AG-0U",
"Jl. Raya Nguter, RT.01/RW.02, Dusun Ngambil ambil, Nguter, Kec. Nguter, Kabupaten Sukoharjo, Jawa Tengah 57571, Indonesia","Bank","ATM","Bank","5042631561019446265","Kabupaten Sukoharjo","ID","0x2e7a3ae8fef115db:0x45fb06b00fbcd3f9","https://lh3.googleusercontent.com/p/AF1QipNeeuLnIpgMZUL7EI5cw9E8vOb4CCkEqtSjcVVw=w408-h306-k-no","false","false","id","0","-7.7357366","110.8725387","Teguh Budi Santoso","Dusun Ngambil ambil, Nguter, Kecamatan Nguter","id","false","ChIJ2xXx_ug6ei4R-dO8D7AG-0U","57571",,"setahun lalu","2023-11-23T03:20:54.902Z",,,,"ChZDSUhNMG9nS0VJQ0FnSUNscGZfY2RREAE","https://lh3.googleusercontent.com/geougc-cs/AIHozJLWJsraoVPMHFV1SW6MYSvVH0aPvbaX36wQzA148urbatWkkleQOuKz_cd6908XXqcN029aSeZMOWVZ--icGijAunv8vNZLeiScQS1QiqFsOGzvVgRxqxRQKuq_DVPXI3Gqk6rW2Q","https://lh3.googleusercontent.com/geougc-cs/AIHozJIM2t1ovJcAfvdKNNaVFu4BBdyPwXTQ8mq-6yMYJvyox8HcsV4Ner6bN3jXRxX-TEM_hK3vnjPo-VdpGbg8xyEHmjQwOwNKAPn4125UvRClE3rN7CWFstlXR9_P5N3GqfLIV53y","Google","https://www.google.com/maps/reviews/data=!4m8!14m7!1m6!2m5!1sChZDSUhNMG9nS0VJQ0FnSUNscGZfY2RREAE!2m1!1s0x0:0x45fb06b00fbcd3f9!3m1!1s2@1:CIHM0ogKEICAgIClpf_cdQ%7CCgwIlor7qgYQ8LunrgM%7C?hl=id","108263492447701302952","11","https://lh3.googleusercontent.com/a-/ALV-UjVUEknQqYaY-gusiO7XRazijmomB9oJY-OjRBFQadvOwmc3xPh0=s1920-c-rp-mo-br100","https://www.google.com/maps/contrib/108263492447701302952?hl=id","31","2025-04-29T13:35:29.653Z","Direct Detail URL: https://www.google.com/maps/place/Bank+Jateng+Cabang+Pembantu+Nguter+Sukoharjo/@-7.6854661,110.8555202,13z/data=!4m16!1m9!3m8!1s0x2e7a3ae8fef115db:0x45fb06b00fbcd3f9!2sBank+Jateng+Cabang+Pembantu+Nguter+Sukoharjo!8m2!3d-7.7357366!4d110.8725387!9m1!1b1!16s%2Fg%2F1hm49bk0g!3m5!1s0x2e7a3ae8fef115db:0x45fb06b00fbcd3f9!8m2!3d-7.7357366!4d110.8725387!16s%2Fg%2F1hm49bk0g?entry=ttu&g_ep=EgoyMDI1MDQyMy4wIKXMDSoJLDEwMjExNDU1SAFQAw%3D%3D","5","Jawa Tengah","Jl. Raya Nguter, RT.01/RW.02","false","Tempat parkiran luas
Tempat untuk menunggu antrian nyaman dan dingin
Satpam cepat tanggap
Pelayanan sangat ok",,"Bank Jateng Cabang Pembantu Nguter Sukoharjo","4.4",,"https://www.google.com/maps/search/?api=1&query=Bank%20Jateng%20Cabang%20Pembantu%20Nguter%20Sukoharjo&query_place_id=ChIJ2xXx_ug6ei4R-dO8D7AG-0U",
"Jl. Raya Nguter, RT.01/RW.02, Dusun Ngambil ambil, Nguter, Kec. Nguter, Kabupaten Sukoharjo, Jawa Tengah 57571, Indonesia","Bank","ATM","Bank","5042631561019446265","Kabupaten Sukoharjo","ID","0x2e7a3ae8fef115db:0x45fb06b00fbcd3f9","https://lh3.googleusercontent.com/p/AF1QipNeeuLnIpgMZUL7EI5cw9E8vOb4CCkEqtSjcVVw=w408-h306-k-no","false","false","id","0","-7.7357366","110.8725387","Dita Auliya","Dusun Ngambil ambil, Nguter, Kecamatan Nguter","id","false","ChIJ2xXx_ug6ei4R-dO8D7AG-0U","57571",,"setahun lalu","2023-11-23T03:16:32.252Z",,,,"ChZDSUhNMG9nS0VJQ0FnSUNscGZfN0VnEAE",,,"Google","https://www.google.com/maps/reviews/data=!4m8!14m7!1m6!2m5!1sChZDSUhNMG9nS0VJQ0FnSUNscGZfN0VnEAE!2m1!1s0x0:0x45fb06b00fbcd3f9!3m1!1s2@1:CIHM0ogKEICAgIClpf_7Eg%7CCgsIkIj7qgYQ4Oi1eA%7C?hl=id","100412181715073519541","2","https://lh3.googleusercontent.com/a-/ALV-UjU_sYuqrMcVrtVqVHXltRQg9gO0zC2zIQZFL5K0Q9SeBsVkSsie=s1920-c-rp-mo-br100","https://www.google.com/maps/contrib/100412181715073519541?hl=id","31","2025-04-29T13:35:29.653Z","Direct Detail URL: https://www.google.com/maps/place/Bank+Jateng+Cabang+Pembantu+Nguter+Sukoharjo/@-7.6854661,110.8555202,13z/data=!4m16!1m9!3m8!1s0x2e7a3ae8fef115db:0x45fb06b00fbcd3f9!2sBank+Jateng+Cabang+Pembantu+Nguter+Sukoharjo!8m2!3d-7.7357366!4d110.8725387!9m1!1b1!16s%2Fg%2F1hm49bk0g!3m5!1s0x2e7a3ae8fef115db:0x45fb06b00fbcd3f9!8m2!3d-7.7357366!4d110.8725387!16s%2Fg%2F1hm49bk0g?entry=ttu&g_ep=EgoyMDI1MDQyMy4wIKXMDSoJLDEwMjExNDU1SAFQAw%3D%3D","5","Jawa Tengah","Jl. Raya Nguter, RT.01/RW.02","false","🫶🏻",,"Bank Jateng Cabang Pembantu Nguter Sukoharjo","4.4",,"https://www.google.com/maps/search/?api=1&query=Bank%20Jateng%20Cabang%20Pembantu%20Nguter%20Sukoharjo&query_place_id=ChIJ2xXx_ug6ei4R-dO8D7AG-0U",
"Jl. Raya Nguter, RT.01/RW.02, Dusun Ngambil ambil, Nguter, Kec. Nguter, Kabupaten Sukoharjo, Jawa Tengah 57571, Indonesia","Bank","ATM","Bank","5042631561019446265","Kabupaten Sukoharjo","ID","0x2e7a3ae8fef115db:0x45fb06b00fbcd3f9","https://lh3.googleusercontent.com/p/AF1QipNeeuLnIpgMZUL7EI5cw9E8vOb4CCkEqtSjcVVw=w408-h306-k-no","false","false","id","0","-7.7357366","110.8725387","Dwi 94","Dusun Ngambil ambil, Nguter, Kecamatan Nguter",,"false","ChIJ2xXx_ug6ei4R-dO8D7AG-0U","57571",,"setahun lalu","2023-11-21T06:03:09.488Z",,,,"ChdDSUhNMG9nS0VJQ0FnSUNsOGYyZDB3RRAB",,,"Google","https://www.google.com/maps/reviews/data=!4m8!14m7!1m6!2m5!1sChdDSUhNMG9nS0VJQ0FnSUNsOGYyZDB3RRAB!2m1!1s0x0:0x45fb06b00fbcd3f9!3m1!1s2@1:CIHM0ogKEICAgICl8f2d0wE%7CCgwInZDxqgYQ2N786AE%7C?hl=id","100291056223559109201","1","https://lh3.googleusercontent.com/a-/ALV-UjXrxMA0t6-KTeDBEQ_Hw4gnjmR25OzXeJ1_wNIbC0veyhbAe89ybg=s1920-c-rp-mo-br100","https://www.google.com/maps/contrib/100291056223559109201?hl=id","31","2025-04-29T13:35:29.653Z","Direct Detail URL: https://www.google.com/maps/place/Bank+Jateng+Cabang+Pembantu+Nguter+Sukoharjo/@-7.6854661,110.8555202,13z/data=!4m16!1m9!3m8!1s0x2e7a3ae8fef115db:0x45fb06b00fbcd3f9!2sBank+Jateng+Cabang+Pembantu+Nguter+Sukoharjo!8m2!3d-7.7357366!4d110.8725387!9m1!1b1!16s%2Fg%2F1hm49bk0g!3m5!1s0x2e7a3ae8fef115db:0x45fb06b00fbcd3f9!8m2!3d-7.7357366!4d110.8725387!16s%2Fg%2F1hm49bk0g?entry=ttu&g_ep=EgoyMDI1MDQyMy4wIKXMDSoJLDEwMjExNDU1SAFQAw%3D%3D","5","Jawa Tengah","Jl. Raya Nguter, RT.01/RW.02","false",,,"Bank Jateng Cabang Pembantu Nguter Sukoharjo","4.4",,"https://www.google.com/maps/search/?api=1&query=Bank%20Jateng%20Cabang%20Pembantu%20Nguter%20Sukoharjo&query_place_id=ChIJ2xXx_ug6ei4R-dO8D7AG-0U",
"Jl. Raya Nguter, RT.01/RW.02, Dusun Ngambil ambil, Nguter, Kec. Nguter, Kabupaten Sukoharjo, Jawa Tengah 57571, Indonesia","Bank","ATM","Bank","5042631561019446265","Kabupaten Sukoharjo","ID","0x2e7a3ae8fef115db:0x45fb06b00fbcd3f9","https://lh3.googleusercontent.com/p/AF1QipNeeuLnIpgMZUL7EI5cw9E8vOb4CCkEqtSjcVVw=w408-h306-k-no","false","false","id","0","-7.7357366","110.8725387","mega alfiah","Dusun Ngambil ambil, Nguter, Kecamatan Nguter","id","false","ChIJ2xXx_ug6ei4R-dO8D7AG-0U","57571",,"setahun lalu","2023-11-21T06:02:12.134Z",,,,"ChZDSUhNMG9nS0VJQ0FnSUNsOGYzQ0V3EAE",,,"Google","https://www.google.com/maps/reviews/data=!4m8!14m7!1m6!2m5!1sChZDSUhNMG9nS0VJQ0FnSUNsOGYzQ0V3EAE!2m1!1s0x0:0x45fb06b00fbcd3f9!3m1!1s2@1:CIHM0ogKEICAgICl8f3CEw%7CCgsI5I_xqgYQqJ70Pw%7C?hl=id","102415791905869705310","1","https://lh3.googleusercontent.com/a-/ALV-UjUBLUmt7hFlFuoTzF2i-pSkl_AYLILdNjNm0oF-mDjJMCPeqfk=s1920-c-rp-mo-br100","https://www.google.com/maps/contrib/102415791905869705310?hl=id","31","2025-04-29T13:35:29.653Z","Direct Detail URL: https://www.google.com/maps/place/Bank+Jateng+Cabang+Pembantu+Nguter+Sukoharjo/@-7.6854661,110.8555202,13z/data=!4m16!1m9!3m8!1s0x2e7a3ae8fef115db:0x45fb06b00fbcd3f9!2sBank+Jateng+Cabang+Pembantu+Nguter+Sukoharjo!8m2!3d-7.7357366!4d110.8725387!9m1!1b1!16s%2Fg%2F1hm49bk0g!3m5!1s0x2e7a3ae8fef115db:0x45fb06b00fbcd3f9!8m2!3d-7.7357366!4d110.8725387!16s%2Fg%2F1hm49bk0g?entry=ttu&g_ep=EgoyMDI1MDQyMy4wIKXMDSoJLDEwMjExNDU1SAFQAw%3D%3D","5","Jawa Tengah","Jl. Raya Nguter, RT.01/RW.02","false","Pelayanan baik , 🥰",,"Bank Jateng Cabang Pembantu Nguter Sukoharjo","4.4",,"https://www.google.com/maps/search/?api=1&query=Bank%20Jateng%20Cabang%20Pembantu%20Nguter%20Sukoharjo&query_place_id=ChIJ2xXx_ug6ei4R-dO8D7AG-0U",
"Jl. Raya Nguter, RT.01/RW.02, Dusun Ngambil ambil, Nguter, Kec. Nguter, Kabupaten Sukoharjo, Jawa Tengah 57571, Indonesia","Bank","ATM","Bank","5042631561019446265","Kabupaten Sukoharjo","ID","0x2e7a3ae8fef115db:0x45fb06b00fbcd3f9","https://lh3.googleusercontent.com/p/AF1QipNeeuLnIpgMZUL7EI5cw9E8vOb4CCkEqtSjcVVw=w408-h306-k-no","false","true","id","0","-7.7357366","110.8725387","yenni rohmawati","Dusun Ngambil ambil, Nguter, Kecamatan Nguter","id","false","ChIJ2xXx_ug6ei4R-dO8D7AG-0U","57571",,"setahun lalu","2023-10-19T06:40:42.418Z",,,,"ChZDSUhNMG9nS0VJQ0FnSUQ1c01PR1FBEAE",,,"Google","https://www.google.com/maps/reviews/data=!4m8!14m7!1m6!2m5!1sChZDSUhNMG9nS0VJQ0FnSUQ1c01PR1FBEAE!2m1!1s0x0:0x45fb06b00fbcd3f9!3m1!1s2@1:CIHM0ogKEICAgID5sMOGQA%7CCgwI6p7DqQYQiLLCxwE%7C?hl=id","100923735289785650990","51","https://lh3.googleusercontent.com/a-/ALV-UjXMCqZmiC4HEwi70uOPW6BkXu6TjwHEgWiQV3ZHidwJRfq_2dny=s1920-c-rp-mo-ba3-br100","https://www.google.com/maps/contrib/100923735289785650990?hl=id","31","2025-04-29T13:35:29.653Z","Direct Detail URL: https://www.google.com/maps/place/Bank+Jateng+Cabang+Pembantu+Nguter+Sukoharjo/@-7.6854661,110.8555202,13z/data=!4m16!1m9!3m8!1s0x2e7a3ae8fef115db:0x45fb06b00fbcd3f9!2sBank+Jateng+Cabang+Pembantu+Nguter+Sukoharjo!8m2!3d-7.7357366!4d110.8725387!9m1!1b1!16s%2Fg%2F1hm49bk0g!3m5!1s0x2e7a3ae8fef115db:0x45fb06b00fbcd3f9!8m2!3d-7.7357366!4d110.8725387!16s%2Fg%2F1hm49bk0g?entry=ttu&g_ep=EgoyMDI1MDQyMy4wIKXMDSoJLDEwMjExNDU1SAFQAw%3D%3D","1","Jawa Tengah","Jl. Raya Nguter, RT.01/RW.02","false","Teller lemot. Pelayanan sangat buruk.",,"Bank Jateng Cabang Pembantu Nguter Sukoharjo","4.4",,"https://www.google.com/maps/search/?api=1&query=Bank%20Jateng%20Cabang%20Pembantu%20Nguter%20Sukoharjo&query_place_id=ChIJ2xXx_ug6ei4R-dO8D7AG-0U",
"Jl. Raya Nguter, RT.01/RW.02, Dusun Ngambil ambil, Nguter, Kec. Nguter, Kabupaten Sukoharjo, Jawa Tengah 57571, Indonesia","Bank","ATM","Bank","5042631561019446265","Kabupaten Sukoharjo","ID","0x2e7a3ae8fef115db:0x45fb06b00fbcd3f9","https://lh3.googleusercontent.com/p/AF1QipNeeuLnIpgMZUL7EI5cw9E8vOb4CCkEqtSjcVVw=w408-h306-k-no","false","false","id","0","-7.7357366","110.8725387","adhi kurniawan","Dusun Ngambil ambil, Nguter, Kecamatan Nguter",,"false","ChIJ2xXx_ug6ei4R-dO8D7AG-0U","57571",,"setahun lalu","2023-09-12T05:25:13.209Z",,,,"ChZDSUhNMG9nS0VJQ0FnSUNaNGFTTldREAE",,,"Google","https://www.google.com/maps/reviews/data=!4m8!14m7!1m6!2m5!1sChZDSUhNMG9nS0VJQ0FnSUNaNGFTTldREAE!2m1!1s0x0:0x45fb06b00fbcd3f9!3m1!1s2@1:CIHM0ogKEICAgICZ4aSNWQ%7CCgsIuez_pwYQ8NrpYw%7C?hl=id","102932889050387007859","9","https://lh3.googleusercontent.com/a/ACg8ocKBnlPhPFsoz7W_JqZMVygOoi0WXDiQX3Ia0qhzj6mEAQO4nA=s1920-c-rp-mo-br100","https://www.google.com/maps/contrib/102932889050387007859?hl=id","31","2025-04-29T13:35:29.653Z","Direct Detail URL: https://www.google.com/maps/place/Bank+Jateng+Cabang+Pembantu+Nguter+Sukoharjo/@-7.6854661,110.8555202,13z/data=!4m16!1m9!3m8!1s0x2e7a3ae8fef115db:0x45fb06b00fbcd3f9!2sBank+Jateng+Cabang+Pembantu+Nguter+Sukoharjo!8m2!3d-7.7357366!4d110.8725387!9m1!1b1!16s%2Fg%2F1hm49bk0g!3m5!1s0x2e7a3ae8fef115db:0x45fb06b00fbcd3f9!8m2!3d-7.7357366!4d110.8725387!16s%2Fg%2F1hm49bk0g?entry=ttu&g_ep=EgoyMDI1MDQyMy4wIKXMDSoJLDEwMjExNDU1SAFQAw%3D%3D","5","Jawa Tengah","Jl. Raya Nguter, RT.01/RW.02","false",,,"Bank Jateng Cabang Pembantu Nguter Sukoharjo","4.4",,"https://www.google.com/maps/search/?api=1&query=Bank%20Jateng%20Cabang%20Pembantu%20Nguter%20Sukoharjo&query_place_id=ChIJ2xXx_ug6ei4R-dO8D7AG-0U",
"Jl. Raya Nguter, RT.01/RW.02, Dusun Ngambil ambil, Nguter, Kec. Nguter, Kabupaten Sukoharjo, Jawa Tengah 57571, Indonesia","Bank","ATM","Bank","5042631561019446265","Kabupaten Sukoharjo","ID","0x2e7a3ae8fef115db:0x45fb06b00fbcd3f9","https://lh3.googleusercontent.com/p/AF1QipNeeuLnIpgMZUL7EI5cw9E8vOb4CCkEqtSjcVVw=w408-h306-k-no","false","true","id","0","-7.7357366","110.8725387","Johari Wahyudhi / Joe James Bon","Dusun Ngambil ambil, Nguter, Kecamatan Nguter","id","false","ChIJ2xXx_ug6ei4R-dO8D7AG-0U","57571",,"setahun lalu","2023-09-11T10:57:17.764Z",,,,"ChZDSUhNMG9nS0VJQ0FnSUNadnF6SU9REAE","https://lh3.googleusercontent.com/geougc-cs/AIHozJJM3-R_piYgOvkzBODqFk9llHtEEoUeFFx-akuHOmvqr3fEjxc2uOTxSk-S_cQRzknXPyiuKWflF9sodnNwWLnFFRUPQPsLRsq8HgvY5S9Qdrl_c1xOKIZvxhmrwOQEIASrRvNhtw",,"Google","https://www.google.com/maps/reviews/data=!4m8!14m7!1m6!2m5!1sChZDSUhNMG9nS0VJQ0FnSUNadnF6SU9REAE!2m1!1s0x0:0x45fb06b00fbcd3f9!3m1!1s2@1:CIHM0ogKEICAgICZvqzIOQ%7CCgwIjeX7pwYQ2K_N7AI%7C?hl=id","105325982639596100690","337","https://lh3.googleusercontent.com/a-/ALV-UjUDaOYIqab2Cbfm2AQKqUor5GvBz0cnFA5b5KsNfTVcEGKZ4sye=s1920-c-rp-mo-ba6-br100","https://www.google.com/maps/contrib/105325982639596100690?hl=id","31","2025-04-29T13:35:29.653Z","Direct Detail URL: https://www.google.com/maps/place/Bank+Jateng+Cabang+Pembantu+Nguter+Sukoharjo/@-7.6854661,110.8555202,13z/data=!4m16!1m9!3m8!1s0x2e7a3ae8fef115db:0x45fb06b00fbcd3f9!2sBank+Jateng+Cabang+Pembantu+Nguter+Sukoharjo!8m2!3d-7.7357366!4d110.8725387!9m1!1b1!16s%2Fg%2F1hm49bk0g!3m5!1s0x2e7a3ae8fef115db:0x45fb06b00fbcd3f9!8m2!3d-7.7357366!4d110.8725387!16s%2Fg%2F1hm49bk0g?entry=ttu&g_ep=EgoyMDI1MDQyMy4wIKXMDSoJLDEwMjExNDU1SAFQAw%3D%3D","5","Jawa Tengah","Jl. Raya Nguter, RT.01/RW.02","false","Bank nya wong jawa tengah... Sekarang pindah lokasi baru",,"Bank Jateng Cabang Pembantu Nguter Sukoharjo","4.4",,"https://www.google.com/maps/search/?api=1&query=Bank%20Jateng%20Cabang%20Pembantu%20Nguter%20Sukoharjo&query_place_id=ChIJ2xXx_ug6ei4R-dO8D7AG-0U",
"Jl. Raya Nguter, RT.01/RW.02, Dusun Ngambil ambil, Nguter, Kec. Nguter, Kabupaten Sukoharjo, Jawa Tengah 57571, Indonesia","Bank","ATM","Bank","5042631561019446265","Kabupaten Sukoharjo","ID","0x2e7a3ae8fef115db:0x45fb06b00fbcd3f9","https://lh3.googleusercontent.com/p/AF1QipNeeuLnIpgMZUL7EI5cw9E8vOb4CCkEqtSjcVVw=w408-h306-k-no","false","false","id","0","-7.7357366","110.8725387","NickyOlalla","Dusun Ngambil ambil, Nguter, Kecamatan Nguter","id","false","ChIJ2xXx_ug6ei4R-dO8D7AG-0U","57571",,"2 tahun lalu","2023-03-15T01:49:17.960Z",,,,"ChdDSUhNMG9nS0VJQ0FnSURocmI2cnpnRRAB",,,"Google","https://www.google.com/maps/reviews/data=!4m8!14m7!1m6!2m5!1sChdDSUhNMG9nS0VJQ0FnSURocmI2cnpnRRAB!2m1!1s0x0:0x45fb06b00fbcd3f9!3m1!1s2@1:CIHM0ogKEICAgIDhrb6rzgE%7CCgwIncjEoAYQgLDxyQM%7C?hl=id","112106941186315667805","2","https://lh3.googleusercontent.com/a-/ALV-UjVMKvlI7KKQm71SndIQotLL3O140RLPLEZgmOHiWSkn0d-LiYQJ=s1920-c-rp-mo-br100","https://www.google.com/maps/contrib/112106941186315667805?hl=id","31","2025-04-29T13:35:29.653Z","Direct Detail URL: https://www.google.com/maps/place/Bank+Jateng+Cabang+Pembantu+Nguter+Sukoharjo/@-7.6854661,110.8555202,13z/data=!4m16!1m9!3m8!1s0x2e7a3ae8fef115db:0x45fb06b00fbcd3f9!2sBank+Jateng+Cabang+Pembantu+Nguter+Sukoharjo!8m2!3d-7.7357366!4d110.8725387!9m1!1b1!16s%2Fg%2F1hm49bk0g!3m5!1s0x2e7a3ae8fef115db:0x45fb06b00fbcd3f9!8m2!3d-7.7357366!4d110.8725387!16s%2Fg%2F1hm49bk0g?entry=ttu&g_ep=EgoyMDI1MDQyMy4wIKXMDSoJLDEwMjExNDU1SAFQAw%3D%3D","5","Jawa Tengah","Jl. Raya Nguter, RT.01/RW.02","false","Pelayanan baik",,"Bank Jateng Cabang Pembantu Nguter Sukoharjo","4.4",,"https://www.google.com/maps/search/?api=1&query=Bank%20Jateng%20Cabang%20Pembantu%20Nguter%20Sukoharjo&query_place_id=ChIJ2xXx_ug6ei4R-dO8D7AG-0U",
"Jl. Raya Nguter, RT.01/RW.02, Dusun Ngambil ambil, Nguter, Kec. Nguter, Kabupaten Sukoharjo, Jawa Tengah 57571, Indonesia","Bank","ATM","Bank","5042631561019446265","Kabupaten Sukoharjo","ID","0x2e7a3ae8fef115db:0x45fb06b00fbcd3f9","https://lh3.googleusercontent.com/p/AF1QipNeeuLnIpgMZUL7EI5cw9E8vOb4CCkEqtSjcVVw=w408-h306-k-no","false","false","id","0","-7.7357366","110.8725387","Rofiq Fararezi","Dusun Ngambil ambil, Nguter, Kecamatan Nguter",,"false","ChIJ2xXx_ug6ei4R-dO8D7AG-0U","57571",,"2 tahun lalu","2022-12-30T13:51:50.414Z",,,,"ChdDSUhNMG9nS0VJQ0FnSUNCaGRPc3p3RRAB",,,"Google","https://www.google.com/maps/reviews/data=!4m8!14m7!1m6!2m5!1sChdDSUhNMG9nS0VJQ0FnSUNCaGRPc3p3RRAB!2m1!1s0x0:0x45fb06b00fbcd3f9!3m1!1s2@1:CIHM0ogKEICAgICBhdOszwE%7CCgwI9tm7nQYQkIXkxQE%7C?hl=id","117718532597572711112","0","https://lh3.googleusercontent.com/a-/ALV-UjVuKpqqhvAUhH3OmsipUrEl0sIPam7lVfhB9GIci5PZsUEFpZf4=s1920-c-rp-mo-br100","https://www.google.com/maps/contrib/117718532597572711112?hl=id","31","2025-04-29T13:35:29.653Z","Direct Detail URL: https://www.google.com/maps/place/Bank+Jateng+Cabang+Pembantu+Nguter+Sukoharjo/@-7.6854661,110.8555202,13z/data=!4m16!1m9!3m8!1s0x2e7a3ae8fef115db:0x45fb06b00fbcd3f9!2sBank+Jateng+Cabang+Pembantu+Nguter+Sukoharjo!8m2!3d-7.7357366!4d110.8725387!9m1!1b1!16s%2Fg%2F1hm49bk0g!3m5!1s0x2e7a3ae8fef115db:0x45fb06b00fbcd3f9!8m2!3d-7.7357366!4d110.8725387!16s%2Fg%2F1hm49bk0g?entry=ttu&g_ep=EgoyMDI1MDQyMy4wIKXMDSoJLDEwMjExNDU1SAFQAw%3D%3D","5","Jawa Tengah","Jl. Raya Nguter, RT.01/RW.02","false",,,"Bank Jateng Cabang Pembantu Nguter Sukoharjo","4.4",,"https://www.google.com/maps/search/?api=1&query=Bank%20Jateng%20Cabang%20Pembantu%20Nguter%20Sukoharjo&query_place_id=ChIJ2xXx_ug6ei4R-dO8D7AG-0U",
"Jl. Raya Nguter, RT.01/RW.02, Dusun Ngambil ambil, Nguter, Kec. Nguter, Kabupaten Sukoharjo, Jawa Tengah 57571, Indonesia","Bank","ATM","Bank","5042631561019446265","Kabupaten Sukoharjo","ID","0x2e7a3ae8fef115db:0x45fb06b00fbcd3f9","https://lh3.googleusercontent.com/p/AF1QipNeeuLnIpgMZUL7EI5cw9E8vOb4CCkEqtSjcVVw=w408-h306-k-no","false","true","id","0","-7.7357366","110.8725387","Tito Arsakly","Dusun Ngambil ambil, Nguter, Kecamatan Nguter","id","false","ChIJ2xXx_ug6ei4R-dO8D7AG-0U","57571",,"4 tahun lalu","2020-12-30T07:41:37.477Z",,,,"ChdDSUhNMG9nS0VJQ0FnSURTOGFHVHFRRRAB",,,"Google","https://www.google.com/maps/reviews/data=!4m8!14m7!1m6!2m5!1sChdDSUhNMG9nS0VJQ0FnSURTOGFHVHFRRRAB!2m1!1s0x0:0x45fb06b00fbcd3f9!3m1!1s2@1:CIHM0ogKEICAgIDS8aGTqQE%7CCgwIsd6w_wUQqOq54wE%7C?hl=id","104716491212778111403","56","https://lh3.googleusercontent.com/a/ACg8ocJGFC29p1rJC-5ByP9MeuUyvAAJ_lptSYOXzHmJIIYWDRubGg=s1920-c-rp-mo-ba4-br100","https://www.google.com/maps/contrib/104716491212778111403?hl=id","31","2025-04-29T13:35:29.653Z","Direct Detail URL: https://www.google.com/maps/place/Bank+Jateng+Cabang+Pembantu+Nguter+Sukoharjo/@-7.6854661,110.8555202,13z/data=!4m16!1m9!3m8!1s0x2e7a3ae8fef115db:0x45fb06b00fbcd3f9!2sBank+Jateng+Cabang+Pembantu+Nguter+Sukoharjo!8m2!3d-7.7357366!4d110.8725387!9m1!1b1!16s%2Fg%2F1hm49bk0g!3m5!1s0x2e7a3ae8fef115db:0x45fb06b00fbcd3f9!8m2!3d-7.7357366!4d110.8725387!16s%2Fg%2F1hm49bk0g?entry=ttu&g_ep=EgoyMDI1MDQyMy4wIKXMDSoJLDEwMjExNDU1SAFQAw%3D%3D","5","Jawa Tengah","Jl. Raya Nguter, RT.01/RW.02","false","Atmnya bekerja baik",,"Bank Jateng Cabang Pembantu Nguter Sukoharjo","4.4",,"https://www.google.com/maps/search/?api=1&query=Bank%20Jateng%20Cabang%20Pembantu%20Nguter%20Sukoharjo&query_place_id=ChIJ2xXx_ug6ei4R-dO8D7AG-0U",
"Jl. Raya Nguter, RT.01/RW.02, Dusun Ngambil ambil, Nguter, Kec. Nguter, Kabupaten Sukoharjo, Jawa Tengah 57571, Indonesia","Bank","ATM","Bank","5042631561019446265","Kabupaten Sukoharjo","ID","0x2e7a3ae8fef115db:0x45fb06b00fbcd3f9","https://lh3.googleusercontent.com/p/AF1QipNeeuLnIpgMZUL7EI5cw9E8vOb4CCkEqtSjcVVw=w408-h306-k-no","false","true","id","0","-7.7357366","110.8725387","Kun Retno","Dusun Ngambil ambil, Nguter, Kecamatan Nguter",,"false","ChIJ2xXx_ug6ei4R-dO8D7AG-0U","57571",,"6 tahun lalu","2019-03-27T02:10:24.470Z",,,,"ChZDSUhNMG9nS0VJQ0FnSURvbl9Ub1NBEAE",,,"Google","https://www.google.com/maps/reviews/data=!4m8!14m7!1m6!2m5!1sChZDSUhNMG9nS0VJQ0FnSURvbl9Ub1NBEAE!2m1!1s0x0:0x45fb06b00fbcd3f9!3m1!1s2@1:CIHM0ogKEICAgIDon_ToSA%7CCgwIkLfr5AUQwIa34AE%7C?hl=id","103571394737708865149","94","https://lh3.googleusercontent.com/a/ACg8ocKRenygaCeMb3A9SIjZ2vXxqcyE-L3AHUZefpTqQt7cqPlhzGI=s1920-c-rp-mo-ba4-br100","https://www.google.com/maps/contrib/103571394737708865149?hl=id","31","2025-04-29T13:35:29.653Z","Direct Detail URL: https://www.google.com/maps/place/Bank+Jateng+Cabang+Pembantu+Nguter+Sukoharjo/@-7.6854661,110.8555202,13z/data=!4m16!1m9!3m8!1s0x2e7a3ae8fef115db:0x45fb06b00fbcd3f9!2sBank+Jateng+Cabang+Pembantu+Nguter+Sukoharjo!8m2!3d-7.7357366!4d110.8725387!9m1!1b1!16s%2Fg%2F1hm49bk0g!3m5!1s0x2e7a3ae8fef115db:0x45fb06b00fbcd3f9!8m2!3d-7.7357366!4d110.8725387!16s%2Fg%2F1hm49bk0g?entry=ttu&g_ep=EgoyMDI1MDQyMy4wIKXMDSoJLDEwMjExNDU1SAFQAw%3D%3D","5","Jawa Tengah","Jl. Raya Nguter, RT.01/RW.02","false",,,"Bank Jateng Cabang Pembantu Nguter Sukoharjo","4.4",,"https://www.google.com/maps/search/?api=1&query=Bank%20Jateng%20Cabang%20Pembantu%20Nguter%20Sukoharjo&query_place_id=ChIJ2xXx_ug6ei4R-dO8D7AG-0U",
"Jl. Raya Nguter, RT.01/RW.02, Dusun Ngambil ambil, Nguter, Kec. Nguter, Kabupaten Sukoharjo, Jawa Tengah 57571, Indonesia","Bank","ATM","Bank","5042631561019446265","Kabupaten Sukoharjo","ID","0x2e7a3ae8fef115db:0x45fb06b00fbcd3f9","https://lh3.googleusercontent.com/p/AF1QipNeeuLnIpgMZUL7EI5cw9E8vOb4CCkEqtSjcVVw=w408-h306-k-no","false","false","id","0","-7.7357366","110.8725387","Wiyana Aja","Dusun Ngambil ambil, Nguter, Kecamatan Nguter","id","false","ChIJ2xXx_ug6ei4R-dO8D7AG-0U","57571",,"7 tahun lalu","2017-08-14T01:02:10.069Z",,,,"ChZDSUhNMG9nS0VJQ0FnSUNBcTluVFh3EAE",,,"Google","https://www.google.com/maps/reviews/data=!4m8!14m7!1m6!2m5!1sChZDSUhNMG9nS0VJQ0FnSUNBcTluVFh3EAE!2m1!1s0x0:0x45fb06b00fbcd3f9!3m1!1s2@1:CIHM0ogKEICAgICAq9nTXw%7CCgsIku3DzAUQwLbzIA%7C?hl=id","110824804675820332229","3","https://lh3.googleusercontent.com/a/ACg8ocIHhqZ0r9HOcPRyYsDGxgCWzgXvYywPzNpaljBPkLIFir4JaQ=s1920-c-rp-mo-br100","https://www.google.com/maps/contrib/110824804675820332229?hl=id","31","2025-04-29T13:35:29.653Z","Direct Detail URL: https://www.google.com/maps/place/Bank+Jateng+Cabang+Pembantu+Nguter+Sukoharjo/@-7.6854661,110.8555202,13z/data=!4m16!1m9!3m8!1s0x2e7a3ae8fef115db:0x45fb06b00fbcd3f9!2sBank+Jateng+Cabang+Pembantu+Nguter+Sukoharjo!8m2!3d-7.7357366!4d110.8725387!9m1!1b1!16s%2Fg%2F1hm49bk0g!3m5!1s0x2e7a3ae8fef115db:0x45fb06b00fbcd3f9!8m2!3d-7.7357366!4d110.8725387!16s%2Fg%2F1hm49bk0g?entry=ttu&g_ep=EgoyMDI1MDQyMy4wIKXMDSoJLDEwMjExNDU1SAFQAw%3D%3D","3","Jawa Tengah","Jl. Raya Nguter, RT.01/RW.02","false","Informasi cukup detail",,"Bank Jateng Cabang Pembantu Nguter Sukoharjo","4.4",,"https://www.google.com/maps/search/?api=1&query=Bank%20Jateng%20Cabang%20Pembantu%20Nguter%20Sukoharjo&query_place_id=ChIJ2xXx_ug6ei4R-dO8D7AG-0U",
"Jl. Raya Nguter, RT.01/RW.02, Dusun Ngambil ambil, Nguter, Kec. Nguter, Kabupaten Sukoharjo, Jawa Tengah 57571, Indonesia","Bank","ATM","Bank","5042631561019446265","Kabupaten Sukoharjo","ID","0x2e7a3ae8fef115db:0x45fb06b00fbcd3f9","https://lh3.googleusercontent.com/p/AF1QipNeeuLnIpgMZUL7EI5cw9E8vOb4CCkEqtSjcVVw=w408-h306-k-no","false","true","id","0","-7.7357366","110.8725387","Muhammad Arif Nurrohim","Dusun Ngambil ambil, Nguter, Kecamatan Nguter","id","false","ChIJ2xXx_ug6ei4R-dO8D7AG-0U","57571",,"7 tahun lalu","2017-08-06T08:31:35.085Z",,,,"ChdDSUhNMG9nS0VJQ0FnSUNnak9feDhnRRAB",,,"Google","https://www.google.com/maps/reviews/data=!4m8!14m7!1m6!2m5!1sChdDSUhNMG9nS0VJQ0FnSUNnak9feDhnRRAB!2m1!1s0x0:0x45fb06b00fbcd3f9!3m1!1s2@1:CIHM0ogKEICAgICgjO_x8gE%7CCgsI56ebzAUQwP7DKA%7C?hl=id","102625430490405335810","53","https://lh3.googleusercontent.com/a/ACg8ocKrOtW5c1UZwhcK3XzkKIUuJYzKuL47fLk9tXJJ63G4FRc32Q=s1920-c-rp-mo-ba3-br100","https://www.google.com/maps/contrib/102625430490405335810?hl=id","31","2025-04-29T13:35:29.653Z","Direct Detail URL: https://www.google.com/maps/place/Bank+Jateng+Cabang+Pembantu+Nguter+Sukoharjo/@-7.6854661,110.8555202,13z/data=!4m16!1m9!3m8!1s0x2e7a3ae8fef115db:0x45fb06b00fbcd3f9!2sBank+Jateng+Cabang+Pembantu+Nguter+Sukoharjo!8m2!3d-7.7357366!4d110.8725387!9m1!1b1!16s%2Fg%2F1hm49bk0g!3m5!1s0x2e7a3ae8fef115db:0x45fb06b00fbcd3f9!8m2!3d-7.7357366!4d110.8725387!16s%2Fg%2F1hm49bk0g?entry=ttu&g_ep=EgoyMDI1MDQyMy4wIKXMDSoJLDEwMjExNDU1SAFQAw%3D%3D","4","Jawa Tengah","Jl. Raya Nguter, RT.01/RW.02","false","Bank JATENG Nguter",,"Bank Jateng Cabang Pembantu Nguter Sukoharjo","4.4",,"https://www.google.com/maps/search/?api=1&query=Bank%20Jateng%20Cabang%20Pembantu%20Nguter%20Sukoharjo&query_place_id=ChIJ2xXx_ug6ei4R-dO8D7AG-0U",
"Jl. Raya Nguter, RT.01/RW.02, Dusun Ngambil ambil, Nguter, Kec. Nguter, Kabupaten Sukoharjo, Jawa Tengah 57571, Indonesia","Bank","ATM","Bank","5042631561019446265","Kabupaten Sukoharjo","ID","0x2e7a3ae8fef115db:0x45fb06b00fbcd3f9","https://lh3.googleusercontent.com/p/AF1QipNeeuLnIpgMZUL7EI5cw9E8vOb4CCkEqtSjcVVw=w408-h306-k-no","false","true","id","0","-7.7357366","110.8725387","Denis Awang Pangestu","Dusun Ngambil ambil, Nguter, Kecamatan Nguter",,"false","ChIJ2xXx_ug6ei4R-dO8D7AG-0U","57571",,"7 tahun lalu","2017-06-07T00:43:30.635Z",,,,"ChZDSUhNMG9nS0VJQ0FnSURBcVlTaktREAE",,,"Google","https://www.google.com/maps/reviews/data=!4m8!14m7!1m6!2m5!1sChZDSUhNMG9nS0VJQ0FnSURBcVlTaktREAE!2m1!1s0x0:0x45fb06b00fbcd3f9!3m1!1s2@1:CIHM0ogKEICAgIDAqYSjKQ%7CCgwIspjdyQUQwKnlrgI%7C?hl=id","101990081523645537831","34","https://lh3.googleusercontent.com/a-/ALV-UjV7E5V6SsZ2CkzxDadMUZ9YkFwbpQQJLAqx3IN7F5Kv1v1bsW-b=s1920-c-rp-mo-ba3-br100","https://www.google.com/maps/contrib/101990081523645537831?hl=id","31","2025-04-29T13:35:29.653Z","Direct Detail URL: https://www.google.com/maps/place/Bank+Jateng+Cabang+Pembantu+Nguter+Sukoharjo/@-7.6854661,110.8555202,13z/data=!4m16!1m9!3m8!1s0x2e7a3ae8fef115db:0x45fb06b00fbcd3f9!2sBank+Jateng+Cabang+Pembantu+Nguter+Sukoharjo!8m2!3d-7.7357366!4d110.8725387!9m1!1b1!16s%2Fg%2F1hm49bk0g!3m5!1s0x2e7a3ae8fef115db:0x45fb06b00fbcd3f9!8m2!3d-7.7357366!4d110.8725387!16s%2Fg%2F1hm49bk0g?entry=ttu&g_ep=EgoyMDI1MDQyMy4wIKXMDSoJLDEwMjExNDU1SAFQAw%3D%3D","5","Jawa Tengah","Jl. Raya Nguter, RT.01/RW.02","false",,,"Bank Jateng Cabang Pembantu Nguter Sukoharjo","4.4",,"https://www.google.com/maps/search/?api=1&query=Bank%20Jateng%20Cabang%20Pembantu%20Nguter%20Sukoharjo&query_place_id=ChIJ2xXx_ug6ei4R-dO8D7AG-0U",
